PAGE,FOOTER BEFORE,FOOTER AFTER,STATUS
a-propos.html,Global JS injected footer,Canonical public gf5a; contextual links retained,"PASS — DOM, assets, idempotence, links retained; visual device review pending"
artisan-profile.html,Global JS injected footer,Canonical public gf5a; contextual links retained,"PASS — DOM, assets, idempotence, links retained; visual device review pending"
artisans.html,Global JS injected footer,Canonical public gf5a; contextual links retained,"PASS — DOM, assets, idempotence, links retained; visual device review pending"
blog-index.html,blog-index-footer,Canonical public gf5a; contextual links retained,"PASS — DOM, assets, idempotence, links retained; visual device review pending"
blog/ampoule-grille-souvent.html,blog-article-footer,Canonical public gf5a; contextual links retained,"PASS — DOM, assets, idempotence, links retained; visual device review pending"
blog/artisan-verifie-maroc.html,blog-article-footer,Canonical public gf5a; contextual links retained,"PASS — DOM, assets, idempotence, links retained; visual device review pending"
blog/avis-artisans-fixeo.html,blog-article-footer,Canonical public gf5a; contextual links retained,"PASS — DOM, assets, idempotence, links retained; visual device review pending"
blog/barre-anti-panique.html,blog-article-footer,Canonical public gf5a; contextual links retained,"PASS — DOM, assets, idempotence, links retained; visual device review pending"
blog/bidet-installation-maroc.html,blog-article-footer,Canonical public gf5a; contextual links retained,"PASS — DOM, assets, idempotence, links retained; visual device review pending"
blog/cablage-maison-renovation.html,blog-article-footer,Canonical public gf5a; contextual links retained,"PASS — DOM, assets, idempotence, links retained; visual device review pending"
blog/cable-chauffe-plancher.html,blog-article-footer,Canonical public gf5a; contextual links retained,"PASS — DOM, assets, idempotence, links retained; visual device review pending"
blog/calcaire-tuyaux-traitement.html,blog-article-footer,Canonical public gf5a; contextual links retained,"PASS — DOM, assets, idempotence, links retained; visual device review pending"
blog/canalisation-bouchee.html,blog-article-footer,Canonical public gf5a; contextual links retained,"PASS — DOM, assets, idempotence, links retained; visual device review pending"
blog/canalisation-externe-jardins.html,blog-article-footer,Canonical public gf5a; contextual links retained,"PASS — DOM, assets, idempotence, links retained; visual device review pending"
blog/canon-serrure-casse.html,blog-article-footer,Canonical public gf5a; contextual links retained,"PASS — DOM, assets, idempotence, links retained; visual device review pending"
blog/changer-serrure-appartement.html,blog-article-footer,Canonical public gf5a; contextual links retained,"PASS — DOM, assets, idempotence, links retained; visual device review pending"
blog/chauffe-eau-fuit.html,blog-article-footer,Canonical public gf5a; contextual links retained,"PASS — DOM, assets, idempotence, links retained; visual device review pending"
blog/choisir-climatisation-maroc.html,blog-article-footer,Canonical public gf5a; contextual links retained,"PASS — DOM, assets, idempotence, links retained; visual device review pending"
blog/cle-a-pompe-securite.html,blog-article-footer,Canonical public gf5a; contextual links retained,"PASS — DOM, assets, idempotence, links retained; visual device review pending"
blog/cle-cassee-dans-serrure.html,blog-article-footer,Canonical public gf5a; contextual links retained,"PASS — DOM, assets, idempotence, links retained; visual device review pending"
blog/clef-perdue-remplacer.html,blog-article-footer,Canonical public gf5a; contextual links retained,"PASS — DOM, assets, idempotence, links retained; visual device review pending"
blog/clim-bruyante.html,blog-article-footer,Canonical public gf5a; contextual links retained,"PASS — DOM, assets, idempotence, links retained; visual device review pending"
blog/clim-casserolle.html,blog-article-footer,Canonical public gf5a; contextual links retained,"PASS — DOM, assets, idempotence, links retained; visual device review pending"
blog/clim-eau-interieur.html,blog-article-footer,Canonical public gf5a; contextual links retained,"PASS — DOM, assets, idempotence, links retained; visual device review pending"
blog/clim-fuit-eau.html,blog-article-footer,Canonical public gf5a; contextual links retained,"PASS — DOM, assets, idempotence, links retained; visual device review pending"
blog/clim-mode-degivrage.html,blog-article-footer,Canonical public gf5a; contextual links retained,"PASS — DOM, assets, idempotence, links retained; visual device review pending"
blog/clim-ne-refroidit-plus.html,blog-article-footer,Canonical public gf5a; contextual links retained,"PASS — DOM, assets, idempotence, links retained; visual device review pending"
blog/clim-ne-s-allume-plus.html,blog-article-footer,Canonical public gf5a; contextual links retained,"PASS — DOM, assets, idempotence, links retained; visual device review pending"
blog/clim-odeur-mauvaise.html,blog-article-footer,Canonical public gf5a; contextual links retained,"PASS — DOM, assets, idempotence, links retained; visual device review pending"
blog/climatisation-agadir.html,blog-article-footer,Canonical public gf5a; contextual links retained,"PASS — DOM, assets, idempotence, links retained; visual device review pending"
blog/climatisation-locaux-commerciaux.html,blog-article-footer,Canonical public gf5a; contextual links retained,"PASS — DOM, assets, idempotence, links retained; visual device review pending"
blog/climatisation-multi-split.html,blog-article-footer,Canonical public gf5a; contextual links retained,"PASS — DOM, assets, idempotence, links retained; visual device review pending"
blog/climatisation-reversible.html,blog-article-footer,Canonical public gf5a; contextual links retained,"PASS — DOM, assets, idempotence, links retained; visual device review pending"
blog/comment-choisir-plombier-maroc.html,blog-article-footer,Canonical public gf5a; contextual links retained,"PASS — DOM, assets, idempotence, links retained; visual device review pending"
blog/compresseur-clim-en-panne.html,blog-article-footer,Canonical public gf5a; contextual links retained,"PASS — DOM, assets, idempotence, links retained; visual device review pending"
blog/compteur-eau-fuite.html,blog-article-footer,Canonical public gf5a; contextual links retained,"PASS — DOM, assets, idempotence, links retained; visual device review pending"
blog/compteur-electrique-probleme.html,blog-article-footer,Canonical public gf5a; contextual links retained,"PASS — DOM, assets, idempotence, links retained; visual device review pending"
blog/consommation-electrique-clim.html,blog-article-footer,Canonical public gf5a; contextual links retained,"PASS — DOM, assets, idempotence, links retained; visual device review pending"
blog/copropriete-serrure-parties-communes.html,blog-article-footer,Canonical public gf5a; contextual links retained,"PASS — DOM, assets, idempotence, links retained; visual device review pending"
blog/coupure-courant-frequente.html,blog-article-footer,Canonical public gf5a; contextual links retained,"PASS — DOM, assets, idempotence, links retained; visual device review pending"
blog/court-circuit-maison.html,blog-article-footer,Canonical public gf5a; contextual links retained,"PASS — DOM, assets, idempotence, links retained; visual device review pending"
blog/cylindre-europeen-changer.html,blog-article-footer,Canonical public gf5a; contextual links retained,"PASS — DOM, assets, idempotence, links retained; visual device review pending"
blog/detecteur-fumee-installation.html,blog-article-footer,Canonical public gf5a; contextual links retained,"PASS — DOM, assets, idempotence, links retained; visual device review pending"
blog/detection-fuite-eau-cachee.html,blog-article-footer,Canonical public gf5a; contextual links retained,"PASS — DOM, assets, idempotence, links retained; visual device review pending"
blog/digicode-installation-immeuble.html,blog-article-footer,Canonical public gf5a; contextual links retained,"PASS — DOM, assets, idempotence, links retained; visual device review pending"
blog/disjoncteur-saute-souvent.html,blog-article-footer,Canonical public gf5a; contextual links retained,"PASS — DOM, assets, idempotence, links retained; visual device review pending"
blog/domotique-maison-maroc.html,blog-article-footer,Canonical public gf5a; contextual links retained,"PASS — DOM, assets, idempotence, links retained; visual device review pending"
blog/effraction-renforcement-securite.html,blog-article-footer,Canonical public gf5a; contextual links retained,"PASS — DOM, assets, idempotence, links retained; visual device review pending"
blog/electricien-rabat-agdal.html,blog-article-footer,Canonical public gf5a; contextual links retained,"PASS — DOM, assets, idempotence, links retained; visual device review pending"
blog/electricite-exterieur-jardin.html,blog-article-footer,Canonical public gf5a; contextual links retained,"PASS — DOM, assets, idempotence, links retained; visual device review pending"
blog/electricite-salle-de-bain.html,blog-article-footer,Canonical public gf5a; contextual links retained,"PASS — DOM, assets, idempotence, links retained; visual device review pending"
blog/entretien-chauffe-eau-solaire.html,blog-article-footer,Canonical public gf5a; contextual links retained,"PASS — DOM, assets, idempotence, links retained; visual device review pending"
blog/entretien-clim-annuel.html,blog-article-footer,Canonical public gf5a; contextual links retained,"PASS — DOM, assets, idempotence, links retained; visual device review pending"
blog/entretien-clim-hivernal.html,blog-article-footer,Canonical public gf5a; contextual links retained,"PASS — DOM, assets, idempotence, links retained; visual device review pending"
blog/evacuation-eau-lente.html,blog-article-footer,Canonical public gf5a; contextual links retained,"PASS — DOM, assets, idempotence, links retained; visual device review pending"
blog/ferme-porte-installation.html,blog-article-footer,Canonical public gf5a; contextual links retained,"PASS — DOM, assets, idempotence, links retained; visual device review pending"
blog/fuite-chasse-eau.html,blog-article-footer,Canonical public gf5a; contextual links retained,"PASS — DOM, assets, idempotence, links retained; visual device review pending"
blog/fuite-eau-mur.html,blog-article-footer,Canonical public gf5a; contextual links retained,"PASS — DOM, assets, idempotence, links retained; visual device review pending"
blog/fuite-sous-evier.html,blog-article-footer,Canonical public gf5a; contextual links retained,"PASS — DOM, assets, idempotence, links retained; visual device review pending"
blog/garantie-intervention-fixeo.html,blog-article-footer,Canonical public gf5a; contextual links retained,"PASS — DOM, assets, idempotence, links retained; visual device review pending"
blog/generateur-groupe-electrogene.html,blog-article-footer,Canonical public gf5a; contextual links retained,"PASS — DOM, assets, idempotence, links retained; visual device review pending"
blog/installation-borne-recharge-voiture.html,blog-article-footer,Canonical public gf5a; contextual links retained,"PASS — DOM, assets, idempotence, links retained; visual device review pending"
blog/installation-chauffe-eau-electrique.html,blog-article-footer,Canonical public gf5a; contextual links retained,"PASS — DOM, assets, idempotence, links retained; visual device review pending"
blog/installation-climatisation-electrique.html,blog-article-footer,Canonical public gf5a; contextual links retained,"PASS — DOM, assets, idempotence, links retained; visual device review pending"
blog/installation-hotte-cuisine.html,blog-article-footer,Canonical public gf5a; contextual links retained,"PASS — DOM, assets, idempotence, links retained; visual device review pending"
blog/installation-lave-linge.html,blog-article-footer,Canonical public gf5a; contextual links retained,"PASS — DOM, assets, idempotence, links retained; visual device review pending"
blog/installation-prise-electrique.html,blog-article-footer,Canonical public gf5a; contextual links retained,"PASS — DOM, assets, idempotence, links retained; visual device review pending"
blog/installation-split-quel-mur.html,blog-article-footer,Canonical public gf5a; contextual links retained,"PASS — DOM, assets, idempotence, links retained; visual device review pending"
blog/installation-vmc-salle-bain.html,blog-article-footer,Canonical public gf5a; contextual links retained,"PASS — DOM, assets, idempotence, links retained; visual device review pending"
blog/interrupteur-defaillant.html,blog-article-footer,Canonical public gf5a; contextual links retained,"PASS — DOM, assets, idempotence, links retained; visual device review pending"
blog/judas-installation-porte.html,blog-article-footer,Canonical public gf5a; contextual links retained,"PASS — DOM, assets, idempotence, links retained; visual device review pending"
blog/mise-terre-installation.html,blog-article-footer,Canonical public gf5a; contextual links retained,"PASS — DOM, assets, idempotence, links retained; visual device review pending"
blog/nettoyage-filtres-clim.html,blog-article-footer,Canonical public gf5a; contextual links retained,"PASS — DOM, assets, idempotence, links retained; visual device review pending"
blog/odeur-egouts-maison.html,blog-article-footer,Canonical public gf5a; contextual links retained,"PASS — DOM, assets, idempotence, links retained; visual device review pending"
blog/onduleur-installation-maroc.html,blog-article-footer,Canonical public gf5a; contextual links retained,"PASS — DOM, assets, idempotence, links retained; visual device review pending"
blog/panne-tableau-electrique.html,blog-article-footer,Canonical public gf5a; contextual links retained,"PASS — DOM, assets, idempotence, links retained; visual device review pending"
blog/panneau-solaire-installation.html,blog-article-footer,Canonical public gf5a; contextual links retained,"PASS — DOM, assets, idempotence, links retained; visual device review pending"
blog/plomberie-cuisine-renovation.html,blog-article-footer,Canonical public gf5a; contextual links retained,"PASS — DOM, assets, idempotence, links retained; visual device review pending"
blog/plomberie-immeuble-collectif.html,blog-article-footer,Canonical public gf5a; contextual links retained,"PASS — DOM, assets, idempotence, links retained; visual device review pending"
blog/plomberie-salle-de-bain-renovation.html,blog-article-footer,Canonical public gf5a; contextual links retained,"PASS — DOM, assets, idempotence, links retained; visual device review pending"
blog/plombier-casablanca-quartiers.html,blog-article-footer,Canonical public gf5a; contextual links retained,"PASS — DOM, assets, idempotence, links retained; visual device review pending"
blog/plombier-fes-medina.html,blog-article-footer,Canonical public gf5a; contextual links retained,"PASS — DOM, assets, idempotence, links retained; visual device review pending"
blog/pompe-chaleur-maroc.html,blog-article-footer,Canonical public gf5a; contextual links retained,"PASS — DOM, assets, idempotence, links retained; visual device review pending"
blog/pompe-eau-en-panne.html,blog-article-footer,Canonical public gf5a; contextual links retained,"PASS — DOM, assets, idempotence, links retained; visual device review pending"
blog/portail-motorise-probleme.html,blog-article-footer,Canonical public gf5a; contextual links retained,"PASS — DOM, assets, idempotence, links retained; visual device review pending"
blog/porte-blindee-installation.html,blog-article-footer,Canonical public gf5a; contextual links retained,"PASS — DOM, assets, idempotence, links retained; visual device review pending"
blog/porte-bois-gonflee.html,blog-article-footer,Canonical public gf5a; contextual links retained,"PASS — DOM, assets, idempotence, links retained; visual device review pending"
blog/porte-claquee-comment-entrer.html,blog-article-footer,Canonical public gf5a; contextual links retained,"PASS — DOM, assets, idempotence, links retained; visual device review pending"
blog/porte-garage-bloquee.html,blog-article-footer,Canonical public gf5a; contextual links retained,"PASS — DOM, assets, idempotence, links retained; visual device review pending"
blog/pression-eau-faible-maison.html,blog-article-footer,Canonical public gf5a; contextual links retained,"PASS — DOM, assets, idempotence, links retained; visual device review pending"
blog/prise-electrique-chauffe.html,blog-article-footer,Canonical public gf5a; contextual links retained,"PASS — DOM, assets, idempotence, links retained; visual device review pending"
blog/prix-climatisation-maroc.html,blog-article-footer,Canonical public gf5a; contextual links retained,"PASS — DOM, assets, idempotence, links retained; visual device review pending"
blog/prix-electricien-maroc.html,blog-article-footer,Canonical public gf5a; contextual links retained,"PASS — DOM, assets, idempotence, links retained; visual device review pending"
blog/prix-menuisier-maroc.html,blog-article-footer,Canonical public gf5a; contextual links retained,"PASS — DOM, assets, idempotence, links retained; visual device review pending"
blog/prix-peinture-maroc.html,blog-article-footer,Canonical public gf5a; contextual links retained,"PASS — DOM, assets, idempotence, links retained; visual device review pending"
blog/prix-plombier-maroc.html,blog-article-footer,Canonical public gf5a; contextual links retained,"PASS — DOM, assets, idempotence, links retained; visual device review pending"
blog/prix-serrurier-maroc.html,blog-article-footer,Canonical public gf5a; contextual links retained,"PASS — DOM, assets, idempotence, links retained; visual device review pending"
blog/puissance-clim-calculer.html,blog-article-footer,Canonical public gf5a; contextual links retained,"PASS — DOM, assets, idempotence, links retained; visual device review pending"
blog/radiateur-electrique-probleme.html,blog-article-footer,Canonical public gf5a; contextual links retained,"PASS — DOM, assets, idempotence, links retained; visual device review pending"
blog/recharge-gaz-climatisation.html,blog-article-footer,Canonical public gf5a; contextual links retained,"PASS — DOM, assets, idempotence, links retained; visual device review pending"
blog/remplacement-cumulus-maroc.html,blog-article-footer,Canonical public gf5a; contextual links retained,"PASS — DOM, assets, idempotence, links retained; visual device review pending"
blog/robinet-qui-goutte.html,blog-article-footer,Canonical public gf5a; contextual links retained,"PASS — DOM, assets, idempotence, links retained; visual device review pending"
blog/securite-paiement-fixeo.html,blog-article-footer,Canonical public gf5a; contextual links retained,"PASS — DOM, assets, idempotence, links retained; visual device review pending"
blog/serrure-3-points-installation.html,blog-article-footer,Canonical public gf5a; contextual links retained,"PASS — DOM, assets, idempotence, links retained; visual device review pending"
blog/serrure-biometrique.html,blog-article-footer,Canonical public gf5a; contextual links retained,"PASS — DOM, assets, idempotence, links retained; visual device review pending"
blog/serrure-coincee-clef-tourne-pas.html,blog-article-footer,Canonical public gf5a; contextual links retained,"PASS — DOM, assets, idempotence, links retained; visual device review pending"
blog/serrure-connectee-maroc.html,blog-article-footer,Canonical public gf5a; contextual links retained,"PASS — DOM, assets, idempotence, links retained; visual device review pending"
blog/serrure-electrique-probleme.html,blog-article-footer,Canonical public gf5a; contextual links retained,"PASS — DOM, assets, idempotence, links retained; visual device review pending"
blog/serrure-huile-entretien.html,blog-article-footer,Canonical public gf5a; contextual links retained,"PASS — DOM, assets, idempotence, links retained; visual device review pending"
blog/serrure-multipoints-bloquee.html,blog-article-footer,Canonical public gf5a; contextual links retained,"PASS — DOM, assets, idempotence, links retained; visual device review pending"
blog/serrure-pharmacie-maroc.html,blog-article-footer,Canonical public gf5a; contextual links retained,"PASS — DOM, assets, idempotence, links retained; visual device review pending"
blog/serrurier-marrakech-gueliz.html,blog-article-footer,Canonical public gf5a; contextual links retained,"PASS — DOM, assets, idempotence, links retained; visual device review pending"
blog/tableau-divisionnaire.html,blog-article-footer,Canonical public gf5a; contextual links retained,"PASS — DOM, assets, idempotence, links retained; visual device review pending"
blog/tableau-electrique-upgrade.html,blog-article-footer,Canonical public gf5a; contextual links retained,"PASS — DOM, assets, idempotence, links retained; visual device review pending"
blog/telecommande-clim-perdue.html,blog-article-footer,Canonical public gf5a; contextual links retained,"PASS — DOM, assets, idempotence, links retained; visual device review pending"
blog/tuyau-eclate-hiver.html,blog-article-footer,Canonical public gf5a; contextual links retained,"PASS — DOM, assets, idempotence, links retained; visual device review pending"
blog/urgence-electricien-rabat.html,blog-article-footer,Canonical public gf5a; contextual links retained,"PASS — DOM, assets, idempotence, links retained; visual device review pending"
blog/urgence-electricien-tanger.html,blog-article-footer,Canonical public gf5a; contextual links retained,"PASS — DOM, assets, idempotence, links retained; visual device review pending"
blog/urgence-plombier-casablanca.html,blog-article-footer,Canonical public gf5a; contextual links retained,"PASS — DOM, assets, idempotence, links retained; visual device review pending"
blog/urgence-plombier-fes.html,blog-article-footer,Canonical public gf5a; contextual links retained,"PASS — DOM, assets, idempotence, links retained; visual device review pending"
blog/urgence-serrurier-marrakech.html,blog-article-footer,Canonical public gf5a; contextual links retained,"PASS — DOM, assets, idempotence, links retained; visual device review pending"
blog/vanne-arret-eau.html,blog-article-footer,Canonical public gf5a; contextual links retained,"PASS — DOM, assets, idempotence, links retained; visual device review pending"
blog/ventilation-vmc-maison.html,blog-article-footer,Canonical public gf5a; contextual links retained,"PASS — DOM, assets, idempotence, links retained; visual device review pending"
blog/verification-installation-electrique.html,blog-article-footer,Canonical public gf5a; contextual links retained,"PASS — DOM, assets, idempotence, links retained; visual device review pending"
blog/wc-bouche-comment-deboucher.html,blog-article-footer,Canonical public gf5a; contextual links retained,"PASS — DOM, assets, idempotence, links retained; visual device review pending"
cgu.html,Global JS injected footer,Canonical public gf5a; contextual links retained,"PASS — DOM, assets, idempotence, links retained; visual device review pending"
charte-qualite.html,Global JS injected footer,Canonical public gf5a; contextual links retained,"PASS — DOM, assets, idempotence, links retained; visual device review pending"
climatisation-agadir.html,fixeo-footer,Canonical public gf5a; contextual links retained,"PASS — DOM, assets, idempotence, links retained; visual device review pending"
climatisation-beni-mellal.html,fxf-mount,Canonical public gf5a; contextual links retained,"PASS — DOM, assets, idempotence, links retained; visual device review pending"
climatisation-casablanca.html,fixeo-footer,Canonical public gf5a; contextual links retained,"PASS — DOM, assets, idempotence, links retained; visual device review pending"
climatisation-el-jadida.html,fxf-mount,Canonical public gf5a; contextual links retained,"PASS — DOM, assets, idempotence, links retained; visual device review pending"
climatisation-fes.html,fixeo-footer,Canonical public gf5a; contextual links retained,"PASS — DOM, assets, idempotence, links retained; visual device review pending"
climatisation-kenitra.html,fixeo-footer,Canonical public gf5a; contextual links retained,"PASS — DOM, assets, idempotence, links retained; visual device review pending"
climatisation-khouribga.html,fxf-mount,Canonical public gf5a; contextual links retained,"PASS — DOM, assets, idempotence, links retained; visual device review pending"
climatisation-marrakech.html,fixeo-footer,Canonical public gf5a; contextual links retained,"PASS — DOM, assets, idempotence, links retained; visual device review pending"
climatisation-meknes.html,fixeo-footer,Canonical public gf5a; contextual links retained,"PASS — DOM, assets, idempotence, links retained; visual device review pending"
climatisation-mohammedia.html,fxf-mount,Canonical public gf5a; contextual links retained,"PASS — DOM, assets, idempotence, links retained; visual device review pending"
climatisation-nador.html,fixeo-footer,Canonical public gf5a; contextual links retained,"PASS — DOM, assets, idempotence, links retained; visual device review pending"
climatisation-ouarzazate.html,fxf-mount,Canonical public gf5a; contextual links retained,"PASS — DOM, assets, idempotence, links retained; visual device review pending"
climatisation-oujda.html,fixeo-footer,Canonical public gf5a; contextual links retained,"PASS — DOM, assets, idempotence, links retained; visual device review pending"
climatisation-rabat.html,fixeo-footer,Canonical public gf5a; contextual links retained,"PASS — DOM, assets, idempotence, links retained; visual device review pending"
climatisation-safi.html,fxf-mount,Canonical public gf5a; contextual links retained,"PASS — DOM, assets, idempotence, links retained; visual device review pending"
climatisation-sale.html,fixeo-footer,Canonical public gf5a; contextual links retained,"PASS — DOM, assets, idempotence, links retained; visual device review pending"
climatisation-tanger.html,fixeo-footer,Canonical public gf5a; contextual links retained,"PASS — DOM, assets, idempotence, links retained; visual device review pending"
climatisation-taza.html,fxf-mount,Canonical public gf5a; contextual links retained,"PASS — DOM, assets, idempotence, links retained; visual device review pending"
climatisation-temara.html,fixeo-footer,Canonical public gf5a; contextual links retained,"PASS — DOM, assets, idempotence, links retained; visual device review pending"
climatisation-tetouan.html,fxf-mount,Canonical public gf5a; contextual links retained,"PASS — DOM, assets, idempotence, links retained; visual device review pending"
climatisation.html,fixeo-footer,Canonical public gf5a; contextual links retained,"PASS — DOM, assets, idempotence, links retained; visual device review pending"
comment-ca-marche.html,cp-engine-console-foot,Canonical public gf5a; contextual links retained,"PASS — DOM, assets, idempotence, links retained; visual device review pending"
confidentialite.html,Global JS injected footer,Canonical public gf5a; contextual links retained,"PASS — DOM, assets, idempotence, links retained; visual device review pending"
contact.html,Global JS injected footer,Canonical public gf5a; contextual links retained,"PASS — DOM, assets, idempotence, links retained; visual device review pending"
electricien-agadir.html,fixeo-footer,Canonical public gf5a; contextual links retained,"PASS — DOM, assets, idempotence, links retained; visual device review pending"
electricien-beni-mellal.html,fixeo-footer,Canonical public gf5a; contextual links retained,"PASS — DOM, assets, idempotence, links retained; visual device review pending"
electricien-casablanca.html,fixeo-footer,Canonical public gf5a; contextual links retained,"PASS — DOM, assets, idempotence, links retained; visual device review pending"
electricien-el-jadida.html,fixeo-footer,Canonical public gf5a; contextual links retained,"PASS — DOM, assets, idempotence, links retained; visual device review pending"
electricien-fes.html,fixeo-footer,Canonical public gf5a; contextual links retained,"PASS — DOM, assets, idempotence, links retained; visual device review pending"
electricien-kenitra.html,fixeo-footer,Canonical public gf5a; contextual links retained,"PASS — DOM, assets, idempotence, links retained; visual device review pending"
electricien-khouribga.html,fxf-mount,Canonical public gf5a; contextual links retained,"PASS — DOM, assets, idempotence, links retained; visual device review pending"
electricien-marrakech.html,fixeo-footer,Canonical public gf5a; contextual links retained,"PASS — DOM, assets, idempotence, links retained; visual device review pending"
electricien-meknes.html,fixeo-footer,Canonical public gf5a; contextual links retained,"PASS — DOM, assets, idempotence, links retained; visual device review pending"
electricien-mohammedia.html,fxf-mount,Canonical public gf5a; contextual links retained,"PASS — DOM, assets, idempotence, links retained; visual device review pending"
electricien-nador.html,fixeo-footer,Canonical public gf5a; contextual links retained,"PASS — DOM, assets, idempotence, links retained; visual device review pending"
electricien-ouarzazate.html,fxf-mount,Canonical public gf5a; contextual links retained,"PASS — DOM, assets, idempotence, links retained; visual device review pending"
electricien-oujda.html,fixeo-footer,Canonical public gf5a; contextual links retained,"PASS — DOM, assets, idempotence, links retained; visual device review pending"
electricien-rabat.html,fixeo-footer,Canonical public gf5a; contextual links retained,"PASS — DOM, assets, idempotence, links retained; visual device review pending"
electricien-safi.html,fxf-mount,Canonical public gf5a; contextual links retained,"PASS — DOM, assets, idempotence, links retained; visual device review pending"
electricien-sale.html,fixeo-footer,Canonical public gf5a; contextual links retained,"PASS — DOM, assets, idempotence, links retained; visual device review pending"
electricien-tanger.html,fixeo-footer,Canonical public gf5a; contextual links retained,"PASS — DOM, assets, idempotence, links retained; visual device review pending"
electricien-taza.html,fxf-mount,Canonical public gf5a; contextual links retained,"PASS — DOM, assets, idempotence, links retained; visual device review pending"
electricien-temara.html,fixeo-footer,Canonical public gf5a; contextual links retained,"PASS — DOM, assets, idempotence, links retained; visual device review pending"
electricien-tetouan.html,fixeo-footer,Canonical public gf5a; contextual links retained,"PASS — DOM, assets, idempotence, links retained; visual device review pending"
electricien.html,fixeo-footer,Canonical public gf5a; contextual links retained,"PASS — DOM, assets, idempotence, links retained; visual device review pending"
engagement-fixeo.html,Global JS injected footer,Canonical public gf5a; contextual links retained,"PASS — DOM, assets, idempotence, links retained; visual device review pending"
entreprises.html,fxf-mount,Canonical public gf5a; contextual links retained,"PASS — DOM, assets, idempotence, links retained; visual device review pending"
equipe.html,Global JS injected footer,Canonical public gf5a; contextual links retained,"PASS — DOM, assets, idempotence, links retained; visual device review pending"
estimation.html,Global JS injected footer,Canonical public gf5a; contextual links retained,"PASS — DOM, assets, idempotence, links retained; visual device review pending"
faq.html,Global JS injected footer,Canonical public gf5a; contextual links retained,"PASS — DOM, assets, idempotence, links retained; visual device review pending"
index.html,fxf-mount + separate local SEO links,Canonical public gf5a; contextual links retained,"PASS — DOM, assets, idempotence, links retained; visual device review pending"
macon-agadir.html,fxf-mount,Canonical public gf5a; contextual links retained,"PASS — DOM, assets, idempotence, links retained; visual device review pending"
macon-casablanca.html,fixeo-footer,Canonical public gf5a; contextual links retained,"PASS — DOM, assets, idempotence, links retained; visual device review pending"
macon-fes.html,fxf-mount,Canonical public gf5a; contextual links retained,"PASS — DOM, assets, idempotence, links retained; visual device review pending"
macon-marrakech.html,fixeo-footer,Canonical public gf5a; contextual links retained,"PASS — DOM, assets, idempotence, links retained; visual device review pending"
macon-rabat.html,fixeo-footer,Canonical public gf5a; contextual links retained,"PASS — DOM, assets, idempotence, links retained; visual device review pending"
macon-tanger.html,fixeo-footer,Canonical public gf5a; contextual links retained,"PASS — DOM, assets, idempotence, links retained; visual device review pending"
macon.html,fixeo-footer,Canonical public gf5a; contextual links retained,"PASS — DOM, assets, idempotence, links retained; visual device review pending"
mentions-legales.html,Global JS injected footer,Canonical public gf5a; contextual links retained,"PASS — DOM, assets, idempotence, links retained; visual device review pending"
menuisier-agadir.html,fixeo-footer,Canonical public gf5a; contextual links retained,"PASS — DOM, assets, idempotence, links retained; visual device review pending"
menuisier-casablanca.html,fixeo-footer,Canonical public gf5a; contextual links retained,"PASS — DOM, assets, idempotence, links retained; visual device review pending"
menuisier-fes.html,fixeo-footer,Canonical public gf5a; contextual links retained,"PASS — DOM, assets, idempotence, links retained; visual device review pending"
menuisier-marrakech.html,fixeo-footer,Canonical public gf5a; contextual links retained,"PASS — DOM, assets, idempotence, links retained; visual device review pending"
menuisier-meknes.html,fixeo-footer,Canonical public gf5a; contextual links retained,"PASS — DOM, assets, idempotence, links retained; visual device review pending"
menuisier-oujda.html,fixeo-footer,Canonical public gf5a; contextual links retained,"PASS — DOM, assets, idempotence, links retained; visual device review pending"
menuisier-rabat.html,fixeo-footer,Canonical public gf5a; contextual links retained,"PASS — DOM, assets, idempotence, links retained; visual device review pending"
menuisier-sale.html,fixeo-footer,Canonical public gf5a; contextual links retained,"PASS — DOM, assets, idempotence, links retained; visual device review pending"
menuisier-tanger.html,fixeo-footer,Canonical public gf5a; contextual links retained,"PASS — DOM, assets, idempotence, links retained; visual device review pending"
menuisier.html,fixeo-footer,Canonical public gf5a; contextual links retained,"PASS — DOM, assets, idempotence, links retained; visual device review pending"
nettoyage-agadir.html,fixeo-footer,Canonical public gf5a; contextual links retained,"PASS — DOM, assets, idempotence, links retained; visual device review pending"
nettoyage-casablanca.html,fixeo-footer,Canonical public gf5a; contextual links retained,"PASS — DOM, assets, idempotence, links retained; visual device review pending"
nettoyage-fes.html,fxf-mount,Canonical public gf5a; contextual links retained,"PASS — DOM, assets, idempotence, links retained; visual device review pending"
nettoyage-marrakech.html,fixeo-footer,Canonical public gf5a; contextual links retained,"PASS — DOM, assets, idempotence, links retained; visual device review pending"
nettoyage-rabat.html,fixeo-footer,Canonical public gf5a; contextual links retained,"PASS — DOM, assets, idempotence, links retained; visual device review pending"
nettoyage-tanger.html,fixeo-footer,Canonical public gf5a; contextual links retained,"PASS — DOM, assets, idempotence, links retained; visual device review pending"
nettoyage.html,fixeo-footer,Canonical public gf5a; contextual links retained,"PASS — DOM, assets, idempotence, links retained; visual device review pending"
nos-garanties.html,Global JS injected footer,Canonical public gf5a; contextual links retained,"PASS — DOM, assets, idempotence, links retained; visual device review pending"
peintre-agadir.html,fxf-mount,Canonical public gf5a; contextual links retained,"PASS — DOM, assets, idempotence, links retained; visual device review pending"
peintre-beni-mellal.html,fixeo-footer,Canonical public gf5a; contextual links retained,"PASS — DOM, assets, idempotence, links retained; visual device review pending"
peintre-casablanca.html,fixeo-footer,Canonical public gf5a; contextual links retained,"PASS — DOM, assets, idempotence, links retained; visual device review pending"
peintre-el-jadida.html,fxf-mount,Canonical public gf5a; contextual links retained,"PASS — DOM, assets, idempotence, links retained; visual device review pending"
peintre-fes.html,fixeo-footer,Canonical public gf5a; contextual links retained,"PASS — DOM, assets, idempotence, links retained; visual device review pending"
peintre-kenitra.html,fixeo-footer,Canonical public gf5a; contextual links retained,"PASS — DOM, assets, idempotence, links retained; visual device review pending"
peintre-khouribga.html,fxf-mount,Canonical public gf5a; contextual links retained,"PASS — DOM, assets, idempotence, links retained; visual device review pending"
peintre-marrakech.html,fixeo-footer,Canonical public gf5a; contextual links retained,"PASS — DOM, assets, idempotence, links retained; visual device review pending"
peintre-meknes.html,fixeo-footer,Canonical public gf5a; contextual links retained,"PASS — DOM, assets, idempotence, links retained; visual device review pending"
peintre-mohammedia.html,fxf-mount,Canonical public gf5a; contextual links retained,"PASS — DOM, assets, idempotence, links retained; visual device review pending"
peintre-nador.html,fxf-mount,Canonical public gf5a; contextual links retained,"PASS — DOM, assets, idempotence, links retained; visual device review pending"
peintre-ouarzazate.html,fxf-mount,Canonical public gf5a; contextual links retained,"PASS — DOM, assets, idempotence, links retained; visual device review pending"
peintre-oujda.html,fxf-mount,Canonical public gf5a; contextual links retained,"PASS — DOM, assets, idempotence, links retained; visual device review pending"
peintre-rabat.html,fixeo-footer,Canonical public gf5a; contextual links retained,"PASS — DOM, assets, idempotence, links retained; visual device review pending"
peintre-safi.html,fxf-mount,Canonical public gf5a; contextual links retained,"PASS — DOM, assets, idempotence, links retained; visual device review pending"
peintre-sale.html,fixeo-footer,Canonical public gf5a; contextual links retained,"PASS — DOM, assets, idempotence, links retained; visual device review pending"
peintre-tanger.html,fixeo-footer,Canonical public gf5a; contextual links retained,"PASS — DOM, assets, idempotence, links retained; visual device review pending"
peintre-taza.html,fxf-mount,Canonical public gf5a; contextual links retained,"PASS — DOM, assets, idempotence, links retained; visual device review pending"
peintre-temara.html,fxf-mount,Canonical public gf5a; contextual links retained,"PASS — DOM, assets, idempotence, links retained; visual device review pending"
peintre-tetouan.html,fxf-mount,Canonical public gf5a; contextual links retained,"PASS — DOM, assets, idempotence, links retained; visual device review pending"
peintre.html,fixeo-footer,Canonical public gf5a; contextual links retained,"PASS — DOM, assets, idempotence, links retained; visual device review pending"
plombier-agadir.html,fixeo-footer,Canonical public gf5a; contextual links retained,"PASS — DOM, assets, idempotence, links retained; visual device review pending"
plombier-beni-mellal.html,fixeo-footer,Canonical public gf5a; contextual links retained,"PASS — DOM, assets, idempotence, links retained; visual device review pending"
plombier-casablanca.html,fixeo-footer,Canonical public gf5a; contextual links retained,"PASS — DOM, assets, idempotence, links retained; visual device review pending"
plombier-el-jadida.html,fxf-mount,Canonical public gf5a; contextual links retained,"PASS — DOM, assets, idempotence, links retained; visual device review pending"
plombier-fes.html,fixeo-footer,Canonical public gf5a; contextual links retained,"PASS — DOM, assets, idempotence, links retained; visual device review pending"
plombier-kenitra.html,fixeo-footer,Canonical public gf5a; contextual links retained,"PASS — DOM, assets, idempotence, links retained; visual device review pending"
plombier-khouribga.html,fxf-mount,Canonical public gf5a; contextual links retained,"PASS — DOM, assets, idempotence, links retained; visual device review pending"
plombier-marrakech.html,fixeo-footer,Canonical public gf5a; contextual links retained,"PASS — DOM, assets, idempotence, links retained; visual device review pending"
plombier-meknes.html,fixeo-footer,Canonical public gf5a; contextual links retained,"PASS — DOM, assets, idempotence, links retained; visual device review pending"
plombier-mohammedia.html,fxf-mount,Canonical public gf5a; contextual links retained,"PASS — DOM, assets, idempotence, links retained; visual device review pending"
plombier-nador.html,fixeo-footer,Canonical public gf5a; contextual links retained,"PASS — DOM, assets, idempotence, links retained; visual device review pending"
plombier-ouarzazate.html,fixeo-footer,Canonical public gf5a; contextual links retained,"PASS — DOM, assets, idempotence, links retained; visual device review pending"
plombier-oujda.html,fixeo-footer,Canonical public gf5a; contextual links retained,"PASS — DOM, assets, idempotence, links retained; visual device review pending"
plombier-rabat.html,fixeo-footer,Canonical public gf5a; contextual links retained,"PASS — DOM, assets, idempotence, links retained; visual device review pending"
plombier-safi.html,fixeo-footer,Canonical public gf5a; contextual links retained,"PASS — DOM, assets, idempotence, links retained; visual device review pending"
plombier-sale.html,fixeo-footer,Canonical public gf5a; contextual links retained,"PASS — DOM, assets, idempotence, links retained; visual device review pending"
plombier-tanger.html,fixeo-footer,Canonical public gf5a; contextual links retained,"PASS — DOM, assets, idempotence, links retained; visual device review pending"
plombier-taza.html,fixeo-footer,Canonical public gf5a; contextual links retained,"PASS — DOM, assets, idempotence, links retained; visual device review pending"
plombier-temara.html,fixeo-footer,Canonical public gf5a; contextual links retained,"PASS — DOM, assets, idempotence, links retained; visual device review pending"
plombier-tetouan.html,fixeo-footer,Canonical public gf5a; contextual links retained,"PASS — DOM, assets, idempotence, links retained; visual device review pending"
plombier.html,fixeo-footer,Canonical public gf5a; contextual links retained,"PASS — DOM, assets, idempotence, links retained; visual device review pending"
presse-partenariats.html,Global JS injected footer,Canonical public gf5a; contextual links retained,"PASS — DOM, assets, idempotence, links retained; visual device review pending"
pricing.html,Global JS injected footer,Canonical public gf5a; contextual links retained,"PASS — DOM, assets, idempotence, links retained; visual device review pending"
prix-climatisation-agadir.html,fxf-mount + separate local SEO links,Canonical public gf5a; contextual links retained,"PASS — DOM, assets, idempotence, links retained; visual device review pending"
prix-climatisation-beni-mellal.html,fxf-mount + separate local SEO links,Canonical public gf5a; contextual links retained,"PASS — DOM, assets, idempotence, links retained; visual device review pending"
prix-climatisation-casablanca.html,fxf-mount + separate local SEO links,Canonical public gf5a; contextual links retained,"PASS — DOM, assets, idempotence, links retained; visual device review pending"
prix-climatisation-el-jadida.html,fxf-mount + separate local SEO links,Canonical public gf5a; contextual links retained,"PASS — DOM, assets, idempotence, links retained; visual device review pending"
prix-climatisation-fes.html,fxf-mount + separate local SEO links,Canonical public gf5a; contextual links retained,"PASS — DOM, assets, idempotence, links retained; visual device review pending"
prix-climatisation-kenitra.html,fxf-mount + separate local SEO links,Canonical public gf5a; contextual links retained,"PASS — DOM, assets, idempotence, links retained; visual device review pending"
prix-climatisation-khouribga.html,fxf-mount + separate local SEO links,Canonical public gf5a; contextual links retained,"PASS — DOM, assets, idempotence, links retained; visual device review pending"
prix-climatisation-marrakech.html,fxf-mount + separate local SEO links,Canonical public gf5a; contextual links retained,"PASS — DOM, assets, idempotence, links retained; visual device review pending"
prix-climatisation-meknes.html,fxf-mount + separate local SEO links,Canonical public gf5a; contextual links retained,"PASS — DOM, assets, idempotence, links retained; visual device review pending"
prix-climatisation-mohammedia.html,fxf-mount + separate local SEO links,Canonical public gf5a; contextual links retained,"PASS — DOM, assets, idempotence, links retained; visual device review pending"
prix-climatisation-nador.html,fxf-mount + separate local SEO links,Canonical public gf5a; contextual links retained,"PASS — DOM, assets, idempotence, links retained; visual device review pending"
prix-climatisation-ouarzazate.html,fxf-mount + separate local SEO links,Canonical public gf5a; contextual links retained,"PASS — DOM, assets, idempotence, links retained; visual device review pending"
prix-climatisation-oujda.html,fxf-mount + separate local SEO links,Canonical public gf5a; contextual links retained,"PASS — DOM, assets, idempotence, links retained; visual device review pending"
prix-climatisation-rabat.html,fxf-mount + separate local SEO links,Canonical public gf5a; contextual links retained,"PASS — DOM, assets, idempotence, links retained; visual device review pending"
prix-climatisation-safi.html,fxf-mount + separate local SEO links,Canonical public gf5a; contextual links retained,"PASS — DOM, assets, idempotence, links retained; visual device review pending"
prix-climatisation-sale.html,fxf-mount + separate local SEO links,Canonical public gf5a; contextual links retained,"PASS — DOM, assets, idempotence, links retained; visual device review pending"
prix-climatisation-tanger.html,fxf-mount + separate local SEO links,Canonical public gf5a; contextual links retained,"PASS — DOM, assets, idempotence, links retained; visual device review pending"
prix-climatisation-taza.html,fxf-mount + separate local SEO links,Canonical public gf5a; contextual links retained,"PASS — DOM, assets, idempotence, links retained; visual device review pending"
prix-climatisation-temara.html,fxf-mount + separate local SEO links,Canonical public gf5a; contextual links retained,"PASS — DOM, assets, idempotence, links retained; visual device review pending"
prix-climatisation-tetouan.html,fxf-mount + separate local SEO links,Canonical public gf5a; contextual links retained,"PASS — DOM, assets, idempotence, links retained; visual device review pending"
prix-electricite-agadir.html,fxf-mount + separate local SEO links,Canonical public gf5a; contextual links retained,"PASS — DOM, assets, idempotence, links retained; visual device review pending"
prix-electricite-beni-mellal.html,fxf-mount + separate local SEO links,Canonical public gf5a; contextual links retained,"PASS — DOM, assets, idempotence, links retained; visual device review pending"
prix-electricite-casablanca.html,fxf-mount + separate local SEO links,Canonical public gf5a; contextual links retained,"PASS — DOM, assets, idempotence, links retained; visual device review pending"
prix-electricite-el-jadida.html,fxf-mount + separate local SEO links,Canonical public gf5a; contextual links retained,"PASS — DOM, assets, idempotence, links retained; visual device review pending"
prix-electricite-fes.html,fxf-mount + separate local SEO links,Canonical public gf5a; contextual links retained,"PASS — DOM, assets, idempotence, links retained; visual device review pending"
prix-electricite-kenitra.html,fxf-mount + separate local SEO links,Canonical public gf5a; contextual links retained,"PASS — DOM, assets, idempotence, links retained; visual device review pending"
prix-electricite-khouribga.html,fxf-mount + separate local SEO links,Canonical public gf5a; contextual links retained,"PASS — DOM, assets, idempotence, links retained; visual device review pending"
prix-electricite-marrakech.html,fxf-mount + separate local SEO links,Canonical public gf5a; contextual links retained,"PASS — DOM, assets, idempotence, links retained; visual device review pending"
prix-electricite-meknes.html,fxf-mount + separate local SEO links,Canonical public gf5a; contextual links retained,"PASS — DOM, assets, idempotence, links retained; visual device review pending"
prix-electricite-mohammedia.html,fxf-mount + separate local SEO links,Canonical public gf5a; contextual links retained,"PASS — DOM, assets, idempotence, links retained; visual device review pending"
prix-electricite-nador.html,fxf-mount + separate local SEO links,Canonical public gf5a; contextual links retained,"PASS — DOM, assets, idempotence, links retained; visual device review pending"
prix-electricite-ouarzazate.html,fxf-mount + separate local SEO links,Canonical public gf5a; contextual links retained,"PASS — DOM, assets, idempotence, links retained; visual device review pending"
prix-electricite-oujda.html,fxf-mount + separate local SEO links,Canonical public gf5a; contextual links retained,"PASS — DOM, assets, idempotence, links retained; visual device review pending"
prix-electricite-rabat.html,fxf-mount + separate local SEO links,Canonical public gf5a; contextual links retained,"PASS — DOM, assets, idempotence, links retained; visual device review pending"
prix-electricite-safi.html,fxf-mount + separate local SEO links,Canonical public gf5a; contextual links retained,"PASS — DOM, assets, idempotence, links retained; visual device review pending"
prix-electricite-sale.html,fxf-mount + separate local SEO links,Canonical public gf5a; contextual links retained,"PASS — DOM, assets, idempotence, links retained; visual device review pending"
prix-electricite-tanger.html,fxf-mount + separate local SEO links,Canonical public gf5a; contextual links retained,"PASS — DOM, assets, idempotence, links retained; visual device review pending"
prix-electricite-taza.html,fxf-mount + separate local SEO links,Canonical public gf5a; contextual links retained,"PASS — DOM, assets, idempotence, links retained; visual device review pending"
prix-electricite-temara.html,fxf-mount + separate local SEO links,Canonical public gf5a; contextual links retained,"PASS — DOM, assets, idempotence, links retained; visual device review pending"
prix-electricite-tetouan.html,fxf-mount + separate local SEO links,Canonical public gf5a; contextual links retained,"PASS — DOM, assets, idempotence, links retained; visual device review pending"
prix-menuiserie-agadir.html,fxf-mount + separate local SEO links,Canonical public gf5a; contextual links retained,"PASS — DOM, assets, idempotence, links retained; visual device review pending"
prix-menuiserie-beni-mellal.html,fxf-mount + separate local SEO links,Canonical public gf5a; contextual links retained,"PASS — DOM, assets, idempotence, links retained; visual device review pending"
prix-menuiserie-casablanca.html,fxf-mount + separate local SEO links,Canonical public gf5a; contextual links retained,"PASS — DOM, assets, idempotence, links retained; visual device review pending"
prix-menuiserie-el-jadida.html,fxf-mount + separate local SEO links,Canonical public gf5a; contextual links retained,"PASS — DOM, assets, idempotence, links retained; visual device review pending"
prix-menuiserie-fes.html,fxf-mount + separate local SEO links,Canonical public gf5a; contextual links retained,"PASS — DOM, assets, idempotence, links retained; visual device review pending"
prix-menuiserie-kenitra.html,fxf-mount + separate local SEO links,Canonical public gf5a; contextual links retained,"PASS — DOM, assets, idempotence, links retained; visual device review pending"
prix-menuiserie-khouribga.html,fxf-mount + separate local SEO links,Canonical public gf5a; contextual links retained,"PASS — DOM, assets, idempotence, links retained; visual device review pending"
prix-menuiserie-marrakech.html,fxf-mount + separate local SEO links,Canonical public gf5a; contextual links retained,"PASS — DOM, assets, idempotence, links retained; visual device review pending"
prix-menuiserie-meknes.html,fxf-mount + separate local SEO links,Canonical public gf5a; contextual links retained,"PASS — DOM, assets, idempotence, links retained; visual device review pending"
prix-menuiserie-mohammedia.html,fxf-mount + separate local SEO links,Canonical public gf5a; contextual links retained,"PASS — DOM, assets, idempotence, links retained; visual device review pending"
prix-menuiserie-nador.html,fxf-mount + separate local SEO links,Canonical public gf5a; contextual links retained,"PASS — DOM, assets, idempotence, links retained; visual device review pending"
prix-menuiserie-ouarzazate.html,fxf-mount + separate local SEO links,Canonical public gf5a; contextual links retained,"PASS — DOM, assets, idempotence, links retained; visual device review pending"
prix-menuiserie-oujda.html,fxf-mount + separate local SEO links,Canonical public gf5a; contextual links retained,"PASS — DOM, assets, idempotence, links retained; visual device review pending"
prix-menuiserie-rabat.html,fxf-mount + separate local SEO links,Canonical public gf5a; contextual links retained,"PASS — DOM, assets, idempotence, links retained; visual device review pending"
prix-menuiserie-safi.html,fxf-mount + separate local SEO links,Canonical public gf5a; contextual links retained,"PASS — DOM, assets, idempotence, links retained; visual device review pending"
prix-menuiserie-sale.html,fxf-mount + separate local SEO links,Canonical public gf5a; contextual links retained,"PASS — DOM, assets, idempotence, links retained; visual device review pending"
prix-menuiserie-tanger.html,fxf-mount + separate local SEO links,Canonical public gf5a; contextual links retained,"PASS — DOM, assets, idempotence, links retained; visual device review pending"
prix-menuiserie-taza.html,fxf-mount + separate local SEO links,Canonical public gf5a; contextual links retained,"PASS — DOM, assets, idempotence, links retained; visual device review pending"
prix-menuiserie-temara.html,fxf-mount + separate local SEO links,Canonical public gf5a; contextual links retained,"PASS — DOM, assets, idempotence, links retained; visual device review pending"
prix-menuiserie-tetouan.html,fxf-mount + separate local SEO links,Canonical public gf5a; contextual links retained,"PASS — DOM, assets, idempotence, links retained; visual device review pending"
prix-peinture-agadir.html,fxf-mount + separate local SEO links,Canonical public gf5a; contextual links retained,"PASS — DOM, assets, idempotence, links retained; visual device review pending"
prix-peinture-beni-mellal.html,fxf-mount + separate local SEO links,Canonical public gf5a; contextual links retained,"PASS — DOM, assets, idempotence, links retained; visual device review pending"
prix-peinture-casablanca.html,fxf-mount + separate local SEO links,Canonical public gf5a; contextual links retained,"PASS — DOM, assets, idempotence, links retained; visual device review pending"
prix-peinture-el-jadida.html,fxf-mount + separate local SEO links,Canonical public gf5a; contextual links retained,"PASS — DOM, assets, idempotence, links retained; visual device review pending"
prix-peinture-fes.html,fxf-mount + separate local SEO links,Canonical public gf5a; contextual links retained,"PASS — DOM, assets, idempotence, links retained; visual device review pending"
prix-peinture-kenitra.html,fxf-mount + separate local SEO links,Canonical public gf5a; contextual links retained,"PASS — DOM, assets, idempotence, links retained; visual device review pending"
prix-peinture-khouribga.html,fxf-mount + separate local SEO links,Canonical public gf5a; contextual links retained,"PASS — DOM, assets, idempotence, links retained; visual device review pending"
prix-peinture-marrakech.html,fxf-mount + separate local SEO links,Canonical public gf5a; contextual links retained,"PASS — DOM, assets, idempotence, links retained; visual device review pending"
prix-peinture-meknes.html,fxf-mount + separate local SEO links,Canonical public gf5a; contextual links retained,"PASS — DOM, assets, idempotence, links retained; visual device review pending"
prix-peinture-mohammedia.html,fxf-mount + separate local SEO links,Canonical public gf5a; contextual links retained,"PASS — DOM, assets, idempotence, links retained; visual device review pending"
prix-peinture-nador.html,fxf-mount + separate local SEO links,Canonical public gf5a; contextual links retained,"PASS — DOM, assets, idempotence, links retained; visual device review pending"
prix-peinture-ouarzazate.html,fxf-mount + separate local SEO links,Canonical public gf5a; contextual links retained,"PASS — DOM, assets, idempotence, links retained; visual device review pending"
prix-peinture-oujda.html,fxf-mount + separate local SEO links,Canonical public gf5a; contextual links retained,"PASS — DOM, assets, idempotence, links retained; visual device review pending"
prix-peinture-rabat.html,fxf-mount + separate local SEO links,Canonical public gf5a; contextual links retained,"PASS — DOM, assets, idempotence, links retained; visual device review pending"
prix-peinture-safi.html,fxf-mount + separate local SEO links,Canonical public gf5a; contextual links retained,"PASS — DOM, assets, idempotence, links retained; visual device review pending"
prix-peinture-sale.html,fxf-mount + separate local SEO links,Canonical public gf5a; contextual links retained,"PASS — DOM, assets, idempotence, links retained; visual device review pending"
prix-peinture-tanger.html,fxf-mount + separate local SEO links,Canonical public gf5a; contextual links retained,"PASS — DOM, assets, idempotence, links retained; visual device review pending"
prix-peinture-taza.html,fxf-mount + separate local SEO links,Canonical public gf5a; contextual links retained,"PASS — DOM, assets, idempotence, links retained; visual device review pending"
prix-peinture-temara.html,fxf-mount + separate local SEO links,Canonical public gf5a; contextual links retained,"PASS — DOM, assets, idempotence, links retained; visual device review pending"
prix-peinture-tetouan.html,fxf-mount + separate local SEO links,Canonical public gf5a; contextual links retained,"PASS — DOM, assets, idempotence, links retained; visual device review pending"
prix-plomberie-agadir.html,fxf-mount + separate local SEO links,Canonical public gf5a; contextual links retained,"PASS — DOM, assets, idempotence, links retained; visual device review pending"
prix-plomberie-beni-mellal.html,fxf-mount + separate local SEO links,Canonical public gf5a; contextual links retained,"PASS — DOM, assets, idempotence, links retained; visual device review pending"
prix-plomberie-casablanca.html,fxf-mount + separate local SEO links,Canonical public gf5a; contextual links retained,"PASS — DOM, assets, idempotence, links retained; visual device review pending"
prix-plomberie-el-jadida.html,fxf-mount + separate local SEO links,Canonical public gf5a; contextual links retained,"PASS — DOM, assets, idempotence, links retained; visual device review pending"
prix-plomberie-fes.html,fxf-mount + separate local SEO links,Canonical public gf5a; contextual links retained,"PASS — DOM, assets, idempotence, links retained; visual device review pending"
prix-plomberie-kenitra.html,fxf-mount + separate local SEO links,Canonical public gf5a; contextual links retained,"PASS — DOM, assets, idempotence, links retained; visual device review pending"
prix-plomberie-khouribga.html,fxf-mount + separate local SEO links,Canonical public gf5a; contextual links retained,"PASS — DOM, assets, idempotence, links retained; visual device review pending"
prix-plomberie-marrakech.html,fxf-mount + separate local SEO links,Canonical public gf5a; contextual links retained,"PASS — DOM, assets, idempotence, links retained; visual device review pending"
prix-plomberie-meknes.html,fxf-mount + separate local SEO links,Canonical public gf5a; contextual links retained,"PASS — DOM, assets, idempotence, links retained; visual device review pending"
prix-plomberie-mohammedia.html,fxf-mount + separate local SEO links,Canonical public gf5a; contextual links retained,"PASS — DOM, assets, idempotence, links retained; visual device review pending"
prix-plomberie-nador.html,fxf-mount + separate local SEO links,Canonical public gf5a; contextual links retained,"PASS — DOM, assets, idempotence, links retained; visual device review pending"
prix-plomberie-ouarzazate.html,fxf-mount + separate local SEO links,Canonical public gf5a; contextual links retained,"PASS — DOM, assets, idempotence, links retained; visual device review pending"
prix-plomberie-oujda.html,fxf-mount + separate local SEO links,Canonical public gf5a; contextual links retained,"PASS — DOM, assets, idempotence, links retained; visual device review pending"
prix-plomberie-rabat.html,fxf-mount + separate local SEO links,Canonical public gf5a; contextual links retained,"PASS — DOM, assets, idempotence, links retained; visual device review pending"
prix-plomberie-safi.html,fxf-mount + separate local SEO links,Canonical public gf5a; contextual links retained,"PASS — DOM, assets, idempotence, links retained; visual device review pending"
prix-plomberie-sale.html,fxf-mount + separate local SEO links,Canonical public gf5a; contextual links retained,"PASS — DOM, assets, idempotence, links retained; visual device review pending"
prix-plomberie-tanger.html,fxf-mount + separate local SEO links,Canonical public gf5a; contextual links retained,"PASS — DOM, assets, idempotence, links retained; visual device review pending"
prix-plomberie-taza.html,fxf-mount + separate local SEO links,Canonical public gf5a; contextual links retained,"PASS — DOM, assets, idempotence, links retained; visual device review pending"
prix-plomberie-temara.html,fxf-mount + separate local SEO links,Canonical public gf5a; contextual links retained,"PASS — DOM, assets, idempotence, links retained; visual device review pending"
prix-plomberie-tetouan.html,fxf-mount + separate local SEO links,Canonical public gf5a; contextual links retained,"PASS — DOM, assets, idempotence, links retained; visual device review pending"
prix-serrurerie-agadir.html,fxf-mount + separate local SEO links,Canonical public gf5a; contextual links retained,"PASS — DOM, assets, idempotence, links retained; visual device review pending"
prix-serrurerie-beni-mellal.html,fxf-mount + separate local SEO links,Canonical public gf5a; contextual links retained,"PASS — DOM, assets, idempotence, links retained; visual device review pending"
prix-serrurerie-casablanca.html,fxf-mount + separate local SEO links,Canonical public gf5a; contextual links retained,"PASS — DOM, assets, idempotence, links retained; visual device review pending"
prix-serrurerie-el-jadida.html,fxf-mount + separate local SEO links,Canonical public gf5a; contextual links retained,"PASS — DOM, assets, idempotence, links retained; visual device review pending"
prix-serrurerie-fes.html,fxf-mount + separate local SEO links,Canonical public gf5a; contextual links retained,"PASS — DOM, assets, idempotence, links retained; visual device review pending"
prix-serrurerie-kenitra.html,fxf-mount + separate local SEO links,Canonical public gf5a; contextual links retained,"PASS — DOM, assets, idempotence, links retained; visual device review pending"
prix-serrurerie-khouribga.html,fxf-mount + separate local SEO links,Canonical public gf5a; contextual links retained,"PASS — DOM, assets, idempotence, links retained; visual device review pending"
prix-serrurerie-marrakech.html,fxf-mount + separate local SEO links,Canonical public gf5a; contextual links retained,"PASS — DOM, assets, idempotence, links retained; visual device review pending"
prix-serrurerie-meknes.html,fxf-mount + separate local SEO links,Canonical public gf5a; contextual links retained,"PASS — DOM, assets, idempotence, links retained; visual device review pending"
prix-serrurerie-mohammedia.html,fxf-mount + separate local SEO links,Canonical public gf5a; contextual links retained,"PASS — DOM, assets, idempotence, links retained; visual device review pending"
prix-serrurerie-nador.html,fxf-mount + separate local SEO links,Canonical public gf5a; contextual links retained,"PASS — DOM, assets, idempotence, links retained; visual device review pending"
prix-serrurerie-ouarzazate.html,fxf-mount + separate local SEO links,Canonical public gf5a; contextual links retained,"PASS — DOM, assets, idempotence, links retained; visual device review pending"
prix-serrurerie-oujda.html,fxf-mount + separate local SEO links,Canonical public gf5a; contextual links retained,"PASS — DOM, assets, idempotence, links retained; visual device review pending"
prix-serrurerie-rabat.html,fxf-mount + separate local SEO links,Canonical public gf5a; contextual links retained,"PASS — DOM, assets, idempotence, links retained; visual device review pending"
prix-serrurerie-safi.html,fxf-mount + separate local SEO links,Canonical public gf5a; contextual links retained,"PASS — DOM, assets, idempotence, links retained; visual device review pending"
prix-serrurerie-sale.html,fxf-mount + separate local SEO links,Canonical public gf5a; contextual links retained,"PASS — DOM, assets, idempotence, links retained; visual device review pending"
prix-serrurerie-tanger.html,fxf-mount + separate local SEO links,Canonical public gf5a; contextual links retained,"PASS — DOM, assets, idempotence, links retained; visual device review pending"
prix-serrurerie-taza.html,fxf-mount + separate local SEO links,Canonical public gf5a; contextual links retained,"PASS — DOM, assets, idempotence, links retained; visual device review pending"
prix-serrurerie-temara.html,fxf-mount + separate local SEO links,Canonical public gf5a; contextual links retained,"PASS — DOM, assets, idempotence, links retained; visual device review pending"
prix-serrurerie-tetouan.html,fxf-mount + separate local SEO links,Canonical public gf5a; contextual links retained,"PASS — DOM, assets, idempotence, links retained; visual device review pending"
problem-chauffe-eau-en-panne-agadir.html,seo-footer,Canonical public gf5a; contextual links retained,"PASS — DOM, assets, idempotence, links retained; visual device review pending"
problem-chauffe-eau-en-panne-beni-mellal.html,seo-footer,Canonical public gf5a; contextual links retained,"PASS — DOM, assets, idempotence, links retained; visual device review pending"
problem-chauffe-eau-en-panne-casablanca.html,seo-footer,Canonical public gf5a; contextual links retained,"PASS — DOM, assets, idempotence, links retained; visual device review pending"
problem-chauffe-eau-en-panne-el-jadida.html,seo-footer,Canonical public gf5a; contextual links retained,"PASS — DOM, assets, idempotence, links retained; visual device review pending"
problem-chauffe-eau-en-panne-fes.html,seo-footer,Canonical public gf5a; contextual links retained,"PASS — DOM, assets, idempotence, links retained; visual device review pending"
problem-chauffe-eau-en-panne-kenitra.html,seo-footer,Canonical public gf5a; contextual links retained,"PASS — DOM, assets, idempotence, links retained; visual device review pending"
problem-chauffe-eau-en-panne-khouribga.html,seo-footer,Canonical public gf5a; contextual links retained,"PASS — DOM, assets, idempotence, links retained; visual device review pending"
problem-chauffe-eau-en-panne-marrakech.html,seo-footer,Canonical public gf5a; contextual links retained,"PASS — DOM, assets, idempotence, links retained; visual device review pending"
problem-chauffe-eau-en-panne-meknes.html,seo-footer,Canonical public gf5a; contextual links retained,"PASS — DOM, assets, idempotence, links retained; visual device review pending"
problem-chauffe-eau-en-panne-mohammedia.html,seo-footer,Canonical public gf5a; contextual links retained,"PASS — DOM, assets, idempotence, links retained; visual device review pending"
problem-chauffe-eau-en-panne-nador.html,seo-footer,Canonical public gf5a; contextual links retained,"PASS — DOM, assets, idempotence, links retained; visual device review pending"
problem-chauffe-eau-en-panne-ouarzazate.html,seo-footer,Canonical public gf5a; contextual links retained,"PASS — DOM, assets, idempotence, links retained; visual device review pending"
problem-chauffe-eau-en-panne-oujda.html,seo-footer,Canonical public gf5a; contextual links retained,"PASS — DOM, assets, idempotence, links retained; visual device review pending"
problem-chauffe-eau-en-panne-rabat.html,seo-footer,Canonical public gf5a; contextual links retained,"PASS — DOM, assets, idempotence, links retained; visual device review pending"
problem-chauffe-eau-en-panne-safi.html,seo-footer,Canonical public gf5a; contextual links retained,"PASS — DOM, assets, idempotence, links retained; visual device review pending"
problem-chauffe-eau-en-panne-sale.html,seo-footer,Canonical public gf5a; contextual links retained,"PASS — DOM, assets, idempotence, links retained; visual device review pending"
problem-chauffe-eau-en-panne-tanger.html,seo-footer,Canonical public gf5a; contextual links retained,"PASS — DOM, assets, idempotence, links retained; visual device review pending"
problem-chauffe-eau-en-panne-taza.html,seo-footer,Canonical public gf5a; contextual links retained,"PASS — DOM, assets, idempotence, links retained; visual device review pending"
problem-chauffe-eau-en-panne-temara.html,seo-footer,Canonical public gf5a; contextual links retained,"PASS — DOM, assets, idempotence, links retained; visual device review pending"
problem-chauffe-eau-en-panne-tetouan.html,seo-footer,Canonical public gf5a; contextual links retained,"PASS — DOM, assets, idempotence, links retained; visual device review pending"
problem-climatisation-en-panne-agadir.html,seo-footer,Canonical public gf5a; contextual links retained,"PASS — DOM, assets, idempotence, links retained; visual device review pending"
problem-climatisation-en-panne-beni-mellal.html,seo-footer,Canonical public gf5a; contextual links retained,"PASS — DOM, assets, idempotence, links retained; visual device review pending"
problem-climatisation-en-panne-casablanca.html,seo-footer,Canonical public gf5a; contextual links retained,"PASS — DOM, assets, idempotence, links retained; visual device review pending"
problem-climatisation-en-panne-el-jadida.html,seo-footer,Canonical public gf5a; contextual links retained,"PASS — DOM, assets, idempotence, links retained; visual device review pending"
problem-climatisation-en-panne-fes.html,seo-footer,Canonical public gf5a; contextual links retained,"PASS — DOM, assets, idempotence, links retained; visual device review pending"
problem-climatisation-en-panne-kenitra.html,seo-footer,Canonical public gf5a; contextual links retained,"PASS — DOM, assets, idempotence, links retained; visual device review pending"
problem-climatisation-en-panne-khouribga.html,seo-footer,Canonical public gf5a; contextual links retained,"PASS — DOM, assets, idempotence, links retained; visual device review pending"
problem-climatisation-en-panne-marrakech.html,seo-footer,Canonical public gf5a; contextual links retained,"PASS — DOM, assets, idempotence, links retained; visual device review pending"
problem-climatisation-en-panne-meknes.html,seo-footer,Canonical public gf5a; contextual links retained,"PASS — DOM, assets, idempotence, links retained; visual device review pending"
problem-climatisation-en-panne-mohammedia.html,seo-footer,Canonical public gf5a; contextual links retained,"PASS — DOM, assets, idempotence, links retained; visual device review pending"
problem-climatisation-en-panne-nador.html,seo-footer,Canonical public gf5a; contextual links retained,"PASS — DOM, assets, idempotence, links retained; visual device review pending"
problem-climatisation-en-panne-ouarzazate.html,seo-footer,Canonical public gf5a; contextual links retained,"PASS — DOM, assets, idempotence, links retained; visual device review pending"
problem-climatisation-en-panne-oujda.html,seo-footer,Canonical public gf5a; contextual links retained,"PASS — DOM, assets, idempotence, links retained; visual device review pending"
problem-climatisation-en-panne-rabat.html,seo-footer,Canonical public gf5a; contextual links retained,"PASS — DOM, assets, idempotence, links retained; visual device review pending"
problem-climatisation-en-panne-safi.html,seo-footer,Canonical public gf5a; contextual links retained,"PASS — DOM, assets, idempotence, links retained; visual device review pending"
problem-climatisation-en-panne-sale.html,seo-footer,Canonical public gf5a; contextual links retained,"PASS — DOM, assets, idempotence, links retained; visual device review pending"
problem-climatisation-en-panne-tanger.html,seo-footer,Canonical public gf5a; contextual links retained,"PASS — DOM, assets, idempotence, links retained; visual device review pending"
problem-climatisation-en-panne-taza.html,seo-footer,Canonical public gf5a; contextual links retained,"PASS — DOM, assets, idempotence, links retained; visual device review pending"
problem-climatisation-en-panne-temara.html,seo-footer,Canonical public gf5a; contextual links retained,"PASS — DOM, assets, idempotence, links retained; visual device review pending"
problem-climatisation-en-panne-tetouan.html,seo-footer,Canonical public gf5a; contextual links retained,"PASS — DOM, assets, idempotence, links retained; visual device review pending"
problem-disjoncteur-saute-agadir.html,seo-footer,Canonical public gf5a; contextual links retained,"PASS — DOM, assets, idempotence, links retained; visual device review pending"
problem-disjoncteur-saute-beni-mellal.html,seo-footer,Canonical public gf5a; contextual links retained,"PASS — DOM, assets, idempotence, links retained; visual device review pending"
problem-disjoncteur-saute-casablanca.html,seo-footer,Canonical public gf5a; contextual links retained,"PASS — DOM, assets, idempotence, links retained; visual device review pending"
problem-disjoncteur-saute-el-jadida.html,seo-footer,Canonical public gf5a; contextual links retained,"PASS — DOM, assets, idempotence, links retained; visual device review pending"
problem-disjoncteur-saute-fes.html,seo-footer,Canonical public gf5a; contextual links retained,"PASS — DOM, assets, idempotence, links retained; visual device review pending"
problem-disjoncteur-saute-kenitra.html,seo-footer,Canonical public gf5a; contextual links retained,"PASS — DOM, assets, idempotence, links retained; visual device review pending"
problem-disjoncteur-saute-khouribga.html,seo-footer,Canonical public gf5a; contextual links retained,"PASS — DOM, assets, idempotence, links retained; visual device review pending"
problem-disjoncteur-saute-marrakech.html,seo-footer,Canonical public gf5a; contextual links retained,"PASS — DOM, assets, idempotence, links retained; visual device review pending"
problem-disjoncteur-saute-meknes.html,seo-footer,Canonical public gf5a; contextual links retained,"PASS — DOM, assets, idempotence, links retained; visual device review pending"
problem-disjoncteur-saute-mohammedia.html,seo-footer,Canonical public gf5a; contextual links retained,"PASS — DOM, assets, idempotence, links retained; visual device review pending"
problem-disjoncteur-saute-nador.html,seo-footer,Canonical public gf5a; contextual links retained,"PASS — DOM, assets, idempotence, links retained; visual device review pending"
problem-disjoncteur-saute-ouarzazate.html,seo-footer,Canonical public gf5a; contextual links retained,"PASS — DOM, assets, idempotence, links retained; visual device review pending"
problem-disjoncteur-saute-oujda.html,seo-footer,Canonical public gf5a; contextual links retained,"PASS — DOM, assets, idempotence, links retained; visual device review pending"
problem-disjoncteur-saute-rabat.html,seo-footer,Canonical public gf5a; contextual links retained,"PASS — DOM, assets, idempotence, links retained; visual device review pending"
problem-disjoncteur-saute-safi.html,seo-footer,Canonical public gf5a; contextual links retained,"PASS — DOM, assets, idempotence, links retained; visual device review pending"
problem-disjoncteur-saute-sale.html,seo-footer,Canonical public gf5a; contextual links retained,"PASS — DOM, assets, idempotence, links retained; visual device review pending"
problem-disjoncteur-saute-tanger.html,seo-footer,Canonical public gf5a; contextual links retained,"PASS — DOM, assets, idempotence, links retained; visual device review pending"
problem-disjoncteur-saute-taza.html,seo-footer,Canonical public gf5a; contextual links retained,"PASS — DOM, assets, idempotence, links retained; visual device review pending"
problem-disjoncteur-saute-temara.html,seo-footer,Canonical public gf5a; contextual links retained,"PASS — DOM, assets, idempotence, links retained; visual device review pending"
problem-disjoncteur-saute-tetouan.html,seo-footer,Canonical public gf5a; contextual links retained,"PASS — DOM, assets, idempotence, links retained; visual device review pending"
problem-fuite-eau-agadir.html,seo-footer,Canonical public gf5a; contextual links retained,"PASS — DOM, assets, idempotence, links retained; visual device review pending"
problem-fuite-eau-beni-mellal.html,seo-footer,Canonical public gf5a; contextual links retained,"PASS — DOM, assets, idempotence, links retained; visual device review pending"
problem-fuite-eau-casablanca.html,seo-footer,Canonical public gf5a; contextual links retained,"PASS — DOM, assets, idempotence, links retained; visual device review pending"
problem-fuite-eau-el-jadida.html,seo-footer,Canonical public gf5a; contextual links retained,"PASS — DOM, assets, idempotence, links retained; visual device review pending"
problem-fuite-eau-fes.html,seo-footer,Canonical public gf5a; contextual links retained,"PASS — DOM, assets, idempotence, links retained; visual device review pending"
problem-fuite-eau-kenitra.html,seo-footer,Canonical public gf5a; contextual links retained,"PASS — DOM, assets, idempotence, links retained; visual device review pending"
problem-fuite-eau-khouribga.html,seo-footer,Canonical public gf5a; contextual links retained,"PASS — DOM, assets, idempotence, links retained; visual device review pending"
problem-fuite-eau-marrakech.html,seo-footer,Canonical public gf5a; contextual links retained,"PASS — DOM, assets, idempotence, links retained; visual device review pending"
problem-fuite-eau-meknes.html,seo-footer,Canonical public gf5a; contextual links retained,"PASS — DOM, assets, idempotence, links retained; visual device review pending"
problem-fuite-eau-mohammedia.html,seo-footer,Canonical public gf5a; contextual links retained,"PASS — DOM, assets, idempotence, links retained; visual device review pending"
problem-fuite-eau-nador.html,seo-footer,Canonical public gf5a; contextual links retained,"PASS — DOM, assets, idempotence, links retained; visual device review pending"
problem-fuite-eau-ouarzazate.html,seo-footer,Canonical public gf5a; contextual links retained,"PASS — DOM, assets, idempotence, links retained; visual device review pending"
problem-fuite-eau-oujda.html,seo-footer,Canonical public gf5a; contextual links retained,"PASS — DOM, assets, idempotence, links retained; visual device review pending"
problem-fuite-eau-rabat.html,seo-footer,Canonical public gf5a; contextual links retained,"PASS — DOM, assets, idempotence, links retained; visual device review pending"
problem-fuite-eau-safi.html,seo-footer,Canonical public gf5a; contextual links retained,"PASS — DOM, assets, idempotence, links retained; visual device review pending"
problem-fuite-eau-sale.html,seo-footer,Canonical public gf5a; contextual links retained,"PASS — DOM, assets, idempotence, links retained; visual device review pending"
problem-fuite-eau-tanger.html,seo-footer,Canonical public gf5a; contextual links retained,"PASS — DOM, assets, idempotence, links retained; visual device review pending"
problem-fuite-eau-taza.html,seo-footer,Canonical public gf5a; contextual links retained,"PASS — DOM, assets, idempotence, links retained; visual device review pending"
problem-fuite-eau-temara.html,seo-footer,Canonical public gf5a; contextual links retained,"PASS — DOM, assets, idempotence, links retained; visual device review pending"
problem-fuite-eau-tetouan.html,seo-footer,Canonical public gf5a; contextual links retained,"PASS — DOM, assets, idempotence, links retained; visual device review pending"
problem-panne-electrique-agadir.html,seo-footer,Canonical public gf5a; contextual links retained,"PASS — DOM, assets, idempotence, links retained; visual device review pending"
problem-panne-electrique-beni-mellal.html,seo-footer,Canonical public gf5a; contextual links retained,"PASS — DOM, assets, idempotence, links retained; visual device review pending"
problem-panne-electrique-casablanca.html,seo-footer,Canonical public gf5a; contextual links retained,"PASS — DOM, assets, idempotence, links retained; visual device review pending"
problem-panne-electrique-el-jadida.html,seo-footer,Canonical public gf5a; contextual links retained,"PASS — DOM, assets, idempotence, links retained; visual device review pending"
problem-panne-electrique-fes.html,seo-footer,Canonical public gf5a; contextual links retained,"PASS — DOM, assets, idempotence, links retained; visual device review pending"
problem-panne-electrique-kenitra.html,seo-footer,Canonical public gf5a; contextual links retained,"PASS — DOM, assets, idempotence, links retained; visual device review pending"
problem-panne-electrique-khouribga.html,seo-footer,Canonical public gf5a; contextual links retained,"PASS — DOM, assets, idempotence, links retained; visual device review pending"
problem-panne-electrique-marrakech.html,seo-footer,Canonical public gf5a; contextual links retained,"PASS — DOM, assets, idempotence, links retained; visual device review pending"
problem-panne-electrique-meknes.html,seo-footer,Canonical public gf5a; contextual links retained,"PASS — DOM, assets, idempotence, links retained; visual device review pending"
problem-panne-electrique-mohammedia.html,seo-footer,Canonical public gf5a; contextual links retained,"PASS — DOM, assets, idempotence, links retained; visual device review pending"
problem-panne-electrique-nador.html,seo-footer,Canonical public gf5a; contextual links retained,"PASS — DOM, assets, idempotence, links retained; visual device review pending"
problem-panne-electrique-ouarzazate.html,seo-footer,Canonical public gf5a; contextual links retained,"PASS — DOM, assets, idempotence, links retained; visual device review pending"
problem-panne-electrique-oujda.html,seo-footer,Canonical public gf5a; contextual links retained,"PASS — DOM, assets, idempotence, links retained; visual device review pending"
problem-panne-electrique-rabat.html,seo-footer,Canonical public gf5a; contextual links retained,"PASS — DOM, assets, idempotence, links retained; visual device review pending"
problem-panne-electrique-safi.html,seo-footer,Canonical public gf5a; contextual links retained,"PASS — DOM, assets, idempotence, links retained; visual device review pending"
problem-panne-electrique-sale.html,seo-footer,Canonical public gf5a; contextual links retained,"PASS — DOM, assets, idempotence, links retained; visual device review pending"
problem-panne-electrique-tanger.html,seo-footer,Canonical public gf5a; contextual links retained,"PASS — DOM, assets, idempotence, links retained; visual device review pending"
problem-panne-electrique-taza.html,seo-footer,Canonical public gf5a; contextual links retained,"PASS — DOM, assets, idempotence, links retained; visual device review pending"
problem-panne-electrique-temara.html,seo-footer,Canonical public gf5a; contextual links retained,"PASS — DOM, assets, idempotence, links retained; visual device review pending"
problem-panne-electrique-tetouan.html,seo-footer,Canonical public gf5a; contextual links retained,"PASS — DOM, assets, idempotence, links retained; visual device review pending"
problem-porte-bloquee-agadir.html,seo-footer,Canonical public gf5a; contextual links retained,"PASS — DOM, assets, idempotence, links retained; visual device review pending"
problem-porte-bloquee-beni-mellal.html,seo-footer,Canonical public gf5a; contextual links retained,"PASS — DOM, assets, idempotence, links retained; visual device review pending"
problem-porte-bloquee-casablanca.html,seo-footer,Canonical public gf5a; contextual links retained,"PASS — DOM, assets, idempotence, links retained; visual device review pending"
problem-porte-bloquee-el-jadida.html,seo-footer,Canonical public gf5a; contextual links retained,"PASS — DOM, assets, idempotence, links retained; visual device review pending"
problem-porte-bloquee-fes.html,seo-footer,Canonical public gf5a; contextual links retained,"PASS — DOM, assets, idempotence, links retained; visual device review pending"
problem-porte-bloquee-kenitra.html,seo-footer,Canonical public gf5a; contextual links retained,"PASS — DOM, assets, idempotence, links retained; visual device review pending"
problem-porte-bloquee-khouribga.html,seo-footer,Canonical public gf5a; contextual links retained,"PASS — DOM, assets, idempotence, links retained; visual device review pending"
problem-porte-bloquee-marrakech.html,seo-footer,Canonical public gf5a; contextual links retained,"PASS — DOM, assets, idempotence, links retained; visual device review pending"
problem-porte-bloquee-meknes.html,seo-footer,Canonical public gf5a; contextual links retained,"PASS — DOM, assets, idempotence, links retained; visual device review pending"
problem-porte-bloquee-mohammedia.html,seo-footer,Canonical public gf5a; contextual links retained,"PASS — DOM, assets, idempotence, links retained; visual device review pending"
problem-porte-bloquee-nador.html,seo-footer,Canonical public gf5a; contextual links retained,"PASS — DOM, assets, idempotence, links retained; visual device review pending"
problem-porte-bloquee-ouarzazate.html,seo-footer,Canonical public gf5a; contextual links retained,"PASS — DOM, assets, idempotence, links retained; visual device review pending"
problem-porte-bloquee-oujda.html,seo-footer,Canonical public gf5a; contextual links retained,"PASS — DOM, assets, idempotence, links retained; visual device review pending"
problem-porte-bloquee-rabat.html,seo-footer,Canonical public gf5a; contextual links retained,"PASS — DOM, assets, idempotence, links retained; visual device review pending"
problem-porte-bloquee-safi.html,seo-footer,Canonical public gf5a; contextual links retained,"PASS — DOM, assets, idempotence, links retained; visual device review pending"
problem-porte-bloquee-sale.html,seo-footer,Canonical public gf5a; contextual links retained,"PASS — DOM, assets, idempotence, links retained; visual device review pending"
problem-porte-bloquee-tanger.html,seo-footer,Canonical public gf5a; contextual links retained,"PASS — DOM, assets, idempotence, links retained; visual device review pending"
problem-porte-bloquee-taza.html,seo-footer,Canonical public gf5a; contextual links retained,"PASS — DOM, assets, idempotence, links retained; visual device review pending"
problem-porte-bloquee-temara.html,seo-footer,Canonical public gf5a; contextual links retained,"PASS — DOM, assets, idempotence, links retained; visual device review pending"
problem-porte-bloquee-tetouan.html,seo-footer,Canonical public gf5a; contextual links retained,"PASS — DOM, assets, idempotence, links retained; visual device review pending"
problem-serrure-cassee-agadir.html,seo-footer,Canonical public gf5a; contextual links retained,"PASS — DOM, assets, idempotence, links retained; visual device review pending"
problem-serrure-cassee-beni-mellal.html,seo-footer,Canonical public gf5a; contextual links retained,"PASS — DOM, assets, idempotence, links retained; visual device review pending"
problem-serrure-cassee-casablanca.html,seo-footer,Canonical public gf5a; contextual links retained,"PASS — DOM, assets, idempotence, links retained; visual device review pending"
problem-serrure-cassee-el-jadida.html,seo-footer,Canonical public gf5a; contextual links retained,"PASS — DOM, assets, idempotence, links retained; visual device review pending"
problem-serrure-cassee-fes.html,seo-footer,Canonical public gf5a; contextual links retained,"PASS — DOM, assets, idempotence, links retained; visual device review pending"
problem-serrure-cassee-kenitra.html,seo-footer,Canonical public gf5a; contextual links retained,"PASS — DOM, assets, idempotence, links retained; visual device review pending"
problem-serrure-cassee-khouribga.html,seo-footer,Canonical public gf5a; contextual links retained,"PASS — DOM, assets, idempotence, links retained; visual device review pending"
problem-serrure-cassee-marrakech.html,seo-footer,Canonical public gf5a; contextual links retained,"PASS — DOM, assets, idempotence, links retained; visual device review pending"
problem-serrure-cassee-meknes.html,seo-footer,Canonical public gf5a; contextual links retained,"PASS — DOM, assets, idempotence, links retained; visual device review pending"
problem-serrure-cassee-mohammedia.html,seo-footer,Canonical public gf5a; contextual links retained,"PASS — DOM, assets, idempotence, links retained; visual device review pending"
problem-serrure-cassee-nador.html,seo-footer,Canonical public gf5a; contextual links retained,"PASS — DOM, assets, idempotence, links retained; visual device review pending"
problem-serrure-cassee-ouarzazate.html,seo-footer,Canonical public gf5a; contextual links retained,"PASS — DOM, assets, idempotence, links retained; visual device review pending"
problem-serrure-cassee-oujda.html,seo-footer,Canonical public gf5a; contextual links retained,"PASS — DOM, assets, idempotence, links retained; visual device review pending"
problem-serrure-cassee-rabat.html,seo-footer,Canonical public gf5a; contextual links retained,"PASS — DOM, assets, idempotence, links retained; visual device review pending"
problem-serrure-cassee-safi.html,seo-footer,Canonical public gf5a; contextual links retained,"PASS — DOM, assets, idempotence, links retained; visual device review pending"
problem-serrure-cassee-sale.html,seo-footer,Canonical public gf5a; contextual links retained,"PASS — DOM, assets, idempotence, links retained; visual device review pending"
problem-serrure-cassee-tanger.html,seo-footer,Canonical public gf5a; contextual links retained,"PASS — DOM, assets, idempotence, links retained; visual device review pending"
problem-serrure-cassee-taza.html,seo-footer,Canonical public gf5a; contextual links retained,"PASS — DOM, assets, idempotence, links retained; visual device review pending"
problem-serrure-cassee-temara.html,seo-footer,Canonical public gf5a; contextual links retained,"PASS — DOM, assets, idempotence, links retained; visual device review pending"
problem-serrure-cassee-tetouan.html,seo-footer,Canonical public gf5a; contextual links retained,"PASS — DOM, assets, idempotence, links retained; visual device review pending"
problem-wc-bouche-agadir.html,seo-footer,Canonical public gf5a; contextual links retained,"PASS — DOM, assets, idempotence, links retained; visual device review pending"
problem-wc-bouche-beni-mellal.html,seo-footer,Canonical public gf5a; contextual links retained,"PASS — DOM, assets, idempotence, links retained; visual device review pending"
problem-wc-bouche-casablanca.html,seo-footer,Canonical public gf5a; contextual links retained,"PASS — DOM, assets, idempotence, links retained; visual device review pending"
problem-wc-bouche-el-jadida.html,seo-footer,Canonical public gf5a; contextual links retained,"PASS — DOM, assets, idempotence, links retained; visual device review pending"
problem-wc-bouche-fes.html,seo-footer,Canonical public gf5a; contextual links retained,"PASS — DOM, assets, idempotence, links retained; visual device review pending"
problem-wc-bouche-kenitra.html,seo-footer,Canonical public gf5a; contextual links retained,"PASS — DOM, assets, idempotence, links retained; visual device review pending"
problem-wc-bouche-khouribga.html,seo-footer,Canonical public gf5a; contextual links retained,"PASS — DOM, assets, idempotence, links retained; visual device review pending"
problem-wc-bouche-marrakech.html,seo-footer,Canonical public gf5a; contextual links retained,"PASS — DOM, assets, idempotence, links retained; visual device review pending"
problem-wc-bouche-meknes.html,seo-footer,Canonical public gf5a; contextual links retained,"PASS — DOM, assets, idempotence, links retained; visual device review pending"
problem-wc-bouche-mohammedia.html,seo-footer,Canonical public gf5a; contextual links retained,"PASS — DOM, assets, idempotence, links retained; visual device review pending"
problem-wc-bouche-nador.html,seo-footer,Canonical public gf5a; contextual links retained,"PASS — DOM, assets, idempotence, links retained; visual device review pending"
problem-wc-bouche-ouarzazate.html,seo-footer,Canonical public gf5a; contextual links retained,"PASS — DOM, assets, idempotence, links retained; visual device review pending"
problem-wc-bouche-oujda.html,seo-footer,Canonical public gf5a; contextual links retained,"PASS — DOM, assets, idempotence, links retained; visual device review pending"
problem-wc-bouche-rabat.html,seo-footer,Canonical public gf5a; contextual links retained,"PASS — DOM, assets, idempotence, links retained; visual device review pending"
problem-wc-bouche-safi.html,seo-footer,Canonical public gf5a; contextual links retained,"PASS — DOM, assets, idempotence, links retained; visual device review pending"
problem-wc-bouche-sale.html,seo-footer,Canonical public gf5a; contextual links retained,"PASS — DOM, assets, idempotence, links retained; visual device review pending"
problem-wc-bouche-tanger.html,seo-footer,Canonical public gf5a; contextual links retained,"PASS — DOM, assets, idempotence, links retained; visual device review pending"
problem-wc-bouche-taza.html,seo-footer,Canonical public gf5a; contextual links retained,"PASS — DOM, assets, idempotence, links retained; visual device review pending"
problem-wc-bouche-temara.html,seo-footer,Canonical public gf5a; contextual links retained,"PASS — DOM, assets, idempotence, links retained; visual device review pending"
problem-wc-bouche-tetouan.html,seo-footer,Canonical public gf5a; contextual links retained,"PASS — DOM, assets, idempotence, links retained; visual device review pending"
quartier-electricite-agadir-dakhla.html,fxf-mount,Canonical public gf5a; contextual links retained,"PASS — DOM, assets, idempotence, links retained; visual device review pending"
quartier-electricite-agadir-founty.html,fxf-mount,Canonical public gf5a; contextual links retained,"PASS — DOM, assets, idempotence, links retained; visual device review pending"
quartier-electricite-agadir-hay-mohammadi.html,fxf-mount,Canonical public gf5a; contextual links retained,"PASS — DOM, assets, idempotence, links retained; visual device review pending"
quartier-electricite-agadir-secteur-balneare.html,fxf-mount,Canonical public gf5a; contextual links retained,"PASS — DOM, assets, idempotence, links retained; visual device review pending"
quartier-electricite-agadir-talborjt.html,fxf-mount,Canonical public gf5a; contextual links retained,"PASS — DOM, assets, idempotence, links retained; visual device review pending"
quartier-electricite-casablanca-ain-diab.html,fxf-mount,Canonical public gf5a; contextual links retained,"PASS — DOM, assets, idempotence, links retained; visual device review pending"
quartier-electricite-casablanca-ain-sebaa.html,fxf-mount,Canonical public gf5a; contextual links retained,"PASS — DOM, assets, idempotence, links retained; visual device review pending"
quartier-electricite-casablanca-bourgogne.html,fxf-mount,Canonical public gf5a; contextual links retained,"PASS — DOM, assets, idempotence, links retained; visual device review pending"
quartier-electricite-casablanca-bouskoura.html,fxf-mount,Canonical public gf5a; contextual links retained,"PASS — DOM, assets, idempotence, links retained; visual device review pending"
quartier-electricite-casablanca-hay-hassani.html,fxf-mount,Canonical public gf5a; contextual links retained,"PASS — DOM, assets, idempotence, links retained; visual device review pending"
quartier-electricite-casablanca-hay-mohammadi.html,fxf-mount,Canonical public gf5a; contextual links retained,"PASS — DOM, assets, idempotence, links retained; visual device review pending"
quartier-electricite-casablanca-maarif.html,fxf-mount,Canonical public gf5a; contextual links retained,"PASS — DOM, assets, idempotence, links retained; visual device review pending"
quartier-electricite-casablanca-sidi-maarouf.html,fxf-mount,Canonical public gf5a; contextual links retained,"PASS — DOM, assets, idempotence, links retained; visual device review pending"
quartier-electricite-fes-bensouda.html,fxf-mount,Canonical public gf5a; contextual links retained,"PASS — DOM, assets, idempotence, links retained; visual device review pending"
quartier-electricite-fes-les-orangers.html,fxf-mount,Canonical public gf5a; contextual links retained,"PASS — DOM, assets, idempotence, links retained; visual device review pending"
quartier-electricite-fes-medina.html,fxf-mount,Canonical public gf5a; contextual links retained,"PASS — DOM, assets, idempotence, links retained; visual device review pending"
quartier-electricite-fes-narjiss.html,fxf-mount,Canonical public gf5a; contextual links retained,"PASS — DOM, assets, idempotence, links retained; visual device review pending"
quartier-electricite-fes-saiss.html,fxf-mount,Canonical public gf5a; contextual links retained,"PASS — DOM, assets, idempotence, links retained; visual device review pending"
quartier-electricite-fes-ville-nouvelle.html,fxf-mount,Canonical public gf5a; contextual links retained,"PASS — DOM, assets, idempotence, links retained; visual device review pending"
quartier-electricite-marrakech-amelkis.html,fxf-mount,Canonical public gf5a; contextual links retained,"PASS — DOM, assets, idempotence, links retained; visual device review pending"
quartier-electricite-marrakech-gueliz.html,fxf-mount,Canonical public gf5a; contextual links retained,"PASS — DOM, assets, idempotence, links retained; visual device review pending"
quartier-electricite-marrakech-hivernage.html,fxf-mount,Canonical public gf5a; contextual links retained,"PASS — DOM, assets, idempotence, links retained; visual device review pending"
quartier-electricite-marrakech-menara.html,fxf-mount,Canonical public gf5a; contextual links retained,"PASS — DOM, assets, idempotence, links retained; visual device review pending"
quartier-electricite-marrakech-sidi-ghanem.html,fxf-mount,Canonical public gf5a; contextual links retained,"PASS — DOM, assets, idempotence, links retained; visual device review pending"
quartier-electricite-marrakech-targa.html,fxf-mount,Canonical public gf5a; contextual links retained,"PASS — DOM, assets, idempotence, links retained; visual device review pending"
quartier-electricite-rabat-agdal.html,fxf-mount,Canonical public gf5a; contextual links retained,"PASS — DOM, assets, idempotence, links retained; visual device review pending"
quartier-electricite-rabat-akkari.html,fxf-mount,Canonical public gf5a; contextual links retained,"PASS — DOM, assets, idempotence, links retained; visual device review pending"
quartier-electricite-rabat-hassan.html,fxf-mount,Canonical public gf5a; contextual links retained,"PASS — DOM, assets, idempotence, links retained; visual device review pending"
quartier-electricite-rabat-hay-riad.html,fxf-mount,Canonical public gf5a; contextual links retained,"PASS — DOM, assets, idempotence, links retained; visual device review pending"
quartier-electricite-rabat-ocean.html,fxf-mount,Canonical public gf5a; contextual links retained,"PASS — DOM, assets, idempotence, links retained; visual device review pending"
quartier-electricite-rabat-souissi.html,fxf-mount,Canonical public gf5a; contextual links retained,"PASS — DOM, assets, idempotence, links retained; visual device review pending"
quartier-electricite-rabat-youssoufia.html,fxf-mount,Canonical public gf5a; contextual links retained,"PASS — DOM, assets, idempotence, links retained; visual device review pending"
quartier-electricite-tanger-beni-makada.html,fxf-mount,Canonical public gf5a; contextual links retained,"PASS — DOM, assets, idempotence, links retained; visual device review pending"
quartier-electricite-tanger-iberia.html,fxf-mount,Canonical public gf5a; contextual links retained,"PASS — DOM, assets, idempotence, links retained; visual device review pending"
quartier-electricite-tanger-malabata.html,fxf-mount,Canonical public gf5a; contextual links retained,"PASS — DOM, assets, idempotence, links retained; visual device review pending"
quartier-electricite-tanger-merkala.html,fxf-mount,Canonical public gf5a; contextual links retained,"PASS — DOM, assets, idempotence, links retained; visual device review pending"
quartier-electricite-tanger-val-fleuri.html,fxf-mount,Canonical public gf5a; contextual links retained,"PASS — DOM, assets, idempotence, links retained; visual device review pending"
quartier-plombier-agadir-dakhla.html,fxf-mount,Canonical public gf5a; contextual links retained,"PASS — DOM, assets, idempotence, links retained; visual device review pending"
quartier-plombier-agadir-founty.html,fxf-mount,Canonical public gf5a; contextual links retained,"PASS — DOM, assets, idempotence, links retained; visual device review pending"
quartier-plombier-agadir-hay-mohammadi.html,fxf-mount,Canonical public gf5a; contextual links retained,"PASS — DOM, assets, idempotence, links retained; visual device review pending"
quartier-plombier-agadir-secteur-balneare.html,fxf-mount,Canonical public gf5a; contextual links retained,"PASS — DOM, assets, idempotence, links retained; visual device review pending"
quartier-plombier-agadir-talborjt.html,fxf-mount,Canonical public gf5a; contextual links retained,"PASS — DOM, assets, idempotence, links retained; visual device review pending"
quartier-plombier-casablanca-ain-diab.html,fxf-mount,Canonical public gf5a; contextual links retained,"PASS — DOM, assets, idempotence, links retained; visual device review pending"
quartier-plombier-casablanca-ain-sebaa.html,fxf-mount,Canonical public gf5a; contextual links retained,"PASS — DOM, assets, idempotence, links retained; visual device review pending"
quartier-plombier-casablanca-bourgogne.html,fxf-mount,Canonical public gf5a; contextual links retained,"PASS — DOM, assets, idempotence, links retained; visual device review pending"
quartier-plombier-casablanca-bouskoura.html,fxf-mount,Canonical public gf5a; contextual links retained,"PASS — DOM, assets, idempotence, links retained; visual device review pending"
quartier-plombier-casablanca-hay-hassani.html,fxf-mount,Canonical public gf5a; contextual links retained,"PASS — DOM, assets, idempotence, links retained; visual device review pending"
quartier-plombier-casablanca-hay-mohammadi.html,fxf-mount,Canonical public gf5a; contextual links retained,"PASS — DOM, assets, idempotence, links retained; visual device review pending"
quartier-plombier-casablanca-maarif.html,fxf-mount,Canonical public gf5a; contextual links retained,"PASS — DOM, assets, idempotence, links retained; visual device review pending"
quartier-plombier-casablanca-sidi-maarouf.html,fxf-mount,Canonical public gf5a; contextual links retained,"PASS — DOM, assets, idempotence, links retained; visual device review pending"
quartier-plombier-fes-bensouda.html,fxf-mount,Canonical public gf5a; contextual links retained,"PASS — DOM, assets, idempotence, links retained; visual device review pending"
quartier-plombier-fes-les-orangers.html,fxf-mount,Canonical public gf5a; contextual links retained,"PASS — DOM, assets, idempotence, links retained; visual device review pending"
quartier-plombier-fes-medina.html,fxf-mount,Canonical public gf5a; contextual links retained,"PASS — DOM, assets, idempotence, links retained; visual device review pending"
quartier-plombier-fes-narjiss.html,fxf-mount,Canonical public gf5a; contextual links retained,"PASS — DOM, assets, idempotence, links retained; visual device review pending"
quartier-plombier-fes-saiss.html,fxf-mount,Canonical public gf5a; contextual links retained,"PASS — DOM, assets, idempotence, links retained; visual device review pending"
quartier-plombier-fes-ville-nouvelle.html,fxf-mount,Canonical public gf5a; contextual links retained,"PASS — DOM, assets, idempotence, links retained; visual device review pending"
quartier-plombier-marrakech-amelkis.html,fxf-mount,Canonical public gf5a; contextual links retained,"PASS — DOM, assets, idempotence, links retained; visual device review pending"
quartier-plombier-marrakech-gueliz.html,fxf-mount,Canonical public gf5a; contextual links retained,"PASS — DOM, assets, idempotence, links retained; visual device review pending"
quartier-plombier-marrakech-hivernage.html,fxf-mount,Canonical public gf5a; contextual links retained,"PASS — DOM, assets, idempotence, links retained; visual device review pending"
quartier-plombier-marrakech-menara.html,fxf-mount,Canonical public gf5a; contextual links retained,"PASS — DOM, assets, idempotence, links retained; visual device review pending"
quartier-plombier-marrakech-sidi-ghanem.html,fxf-mount,Canonical public gf5a; contextual links retained,"PASS — DOM, assets, idempotence, links retained; visual device review pending"
quartier-plombier-marrakech-targa.html,fxf-mount,Canonical public gf5a; contextual links retained,"PASS — DOM, assets, idempotence, links retained; visual device review pending"
quartier-plombier-rabat-agdal.html,fxf-mount,Canonical public gf5a; contextual links retained,"PASS — DOM, assets, idempotence, links retained; visual device review pending"
quartier-plombier-rabat-akkari.html,fxf-mount,Canonical public gf5a; contextual links retained,"PASS — DOM, assets, idempotence, links retained; visual device review pending"
quartier-plombier-rabat-hassan.html,fxf-mount,Canonical public gf5a; contextual links retained,"PASS — DOM, assets, idempotence, links retained; visual device review pending"
quartier-plombier-rabat-hay-riad.html,fxf-mount,Canonical public gf5a; contextual links retained,"PASS — DOM, assets, idempotence, links retained; visual device review pending"
quartier-plombier-rabat-ocean.html,fxf-mount,Canonical public gf5a; contextual links retained,"PASS — DOM, assets, idempotence, links retained; visual device review pending"
quartier-plombier-rabat-souissi.html,fxf-mount,Canonical public gf5a; contextual links retained,"PASS — DOM, assets, idempotence, links retained; visual device review pending"
quartier-plombier-rabat-youssoufia.html,fxf-mount,Canonical public gf5a; contextual links retained,"PASS — DOM, assets, idempotence, links retained; visual device review pending"
quartier-plombier-tanger-beni-makada.html,fxf-mount,Canonical public gf5a; contextual links retained,"PASS — DOM, assets, idempotence, links retained; visual device review pending"
quartier-plombier-tanger-iberia.html,fxf-mount,Canonical public gf5a; contextual links retained,"PASS — DOM, assets, idempotence, links retained; visual device review pending"
quartier-plombier-tanger-malabata.html,fxf-mount,Canonical public gf5a; contextual links retained,"PASS — DOM, assets, idempotence, links retained; visual device review pending"
quartier-plombier-tanger-merkala.html,fxf-mount,Canonical public gf5a; contextual links retained,"PASS — DOM, assets, idempotence, links retained; visual device review pending"
quartier-plombier-tanger-val-fleuri.html,fxf-mount,Canonical public gf5a; contextual links retained,"PASS — DOM, assets, idempotence, links retained; visual device review pending"
quartier-serrurerie-agadir-dakhla.html,fxf-mount,Canonical public gf5a; contextual links retained,"PASS — DOM, assets, idempotence, links retained; visual device review pending"
quartier-serrurerie-agadir-founty.html,fxf-mount,Canonical public gf5a; contextual links retained,"PASS — DOM, assets, idempotence, links retained; visual device review pending"
quartier-serrurerie-agadir-hay-mohammadi.html,fxf-mount,Canonical public gf5a; contextual links retained,"PASS — DOM, assets, idempotence, links retained; visual device review pending"
quartier-serrurerie-agadir-secteur-balneare.html,fxf-mount,Canonical public gf5a; contextual links retained,"PASS — DOM, assets, idempotence, links retained; visual device review pending"
quartier-serrurerie-agadir-talborjt.html,fxf-mount,Canonical public gf5a; contextual links retained,"PASS — DOM, assets, idempotence, links retained; visual device review pending"
quartier-serrurerie-casablanca-ain-diab.html,fxf-mount,Canonical public gf5a; contextual links retained,"PASS — DOM, assets, idempotence, links retained; visual device review pending"
quartier-serrurerie-casablanca-ain-sebaa.html,fxf-mount,Canonical public gf5a; contextual links retained,"PASS — DOM, assets, idempotence, links retained; visual device review pending"
quartier-serrurerie-casablanca-bourgogne.html,fxf-mount,Canonical public gf5a; contextual links retained,"PASS — DOM, assets, idempotence, links retained; visual device review pending"
quartier-serrurerie-casablanca-bouskoura.html,fxf-mount,Canonical public gf5a; contextual links retained,"PASS — DOM, assets, idempotence, links retained; visual device review pending"
quartier-serrurerie-casablanca-hay-hassani.html,fxf-mount,Canonical public gf5a; contextual links retained,"PASS — DOM, assets, idempotence, links retained; visual device review pending"
quartier-serrurerie-casablanca-hay-mohammadi.html,fxf-mount,Canonical public gf5a; contextual links retained,"PASS — DOM, assets, idempotence, links retained; visual device review pending"
quartier-serrurerie-casablanca-maarif.html,fxf-mount,Canonical public gf5a; contextual links retained,"PASS — DOM, assets, idempotence, links retained; visual device review pending"
quartier-serrurerie-casablanca-sidi-maarouf.html,fxf-mount,Canonical public gf5a; contextual links retained,"PASS — DOM, assets, idempotence, links retained; visual device review pending"
quartier-serrurerie-fes-bensouda.html,fxf-mount,Canonical public gf5a; contextual links retained,"PASS — DOM, assets, idempotence, links retained; visual device review pending"
quartier-serrurerie-fes-les-orangers.html,fxf-mount,Canonical public gf5a; contextual links retained,"PASS — DOM, assets, idempotence, links retained; visual device review pending"
quartier-serrurerie-fes-medina.html,fxf-mount,Canonical public gf5a; contextual links retained,"PASS — DOM, assets, idempotence, links retained; visual device review pending"
quartier-serrurerie-fes-narjiss.html,fxf-mount,Canonical public gf5a; contextual links retained,"PASS — DOM, assets, idempotence, links retained; visual device review pending"
quartier-serrurerie-fes-saiss.html,fxf-mount,Canonical public gf5a; contextual links retained,"PASS — DOM, assets, idempotence, links retained; visual device review pending"
quartier-serrurerie-fes-ville-nouvelle.html,fxf-mount,Canonical public gf5a; contextual links retained,"PASS — DOM, assets, idempotence, links retained; visual device review pending"
quartier-serrurerie-marrakech-amelkis.html,fxf-mount,Canonical public gf5a; contextual links retained,"PASS — DOM, assets, idempotence, links retained; visual device review pending"
quartier-serrurerie-marrakech-gueliz.html,fxf-mount,Canonical public gf5a; contextual links retained,"PASS — DOM, assets, idempotence, links retained; visual device review pending"
quartier-serrurerie-marrakech-hivernage.html,fxf-mount,Canonical public gf5a; contextual links retained,"PASS — DOM, assets, idempotence, links retained; visual device review pending"
quartier-serrurerie-marrakech-menara.html,fxf-mount,Canonical public gf5a; contextual links retained,"PASS — DOM, assets, idempotence, links retained; visual device review pending"
quartier-serrurerie-marrakech-sidi-ghanem.html,fxf-mount,Canonical public gf5a; contextual links retained,"PASS — DOM, assets, idempotence, links retained; visual device review pending"
quartier-serrurerie-marrakech-targa.html,fxf-mount,Canonical public gf5a; contextual links retained,"PASS — DOM, assets, idempotence, links retained; visual device review pending"
quartier-serrurerie-rabat-agdal.html,fxf-mount,Canonical public gf5a; contextual links retained,"PASS — DOM, assets, idempotence, links retained; visual device review pending"
quartier-serrurerie-rabat-akkari.html,fxf-mount,Canonical public gf5a; contextual links retained,"PASS — DOM, assets, idempotence, links retained; visual device review pending"
quartier-serrurerie-rabat-hassan.html,fxf-mount,Canonical public gf5a; contextual links retained,"PASS — DOM, assets, idempotence, links retained; visual device review pending"
quartier-serrurerie-rabat-hay-riad.html,fxf-mount,Canonical public gf5a; contextual links retained,"PASS — DOM, assets, idempotence, links retained; visual device review pending"
quartier-serrurerie-rabat-ocean.html,fxf-mount,Canonical public gf5a; contextual links retained,"PASS — DOM, assets, idempotence, links retained; visual device review pending"
quartier-serrurerie-rabat-souissi.html,fxf-mount,Canonical public gf5a; contextual links retained,"PASS — DOM, assets, idempotence, links retained; visual device review pending"
quartier-serrurerie-rabat-youssoufia.html,fxf-mount,Canonical public gf5a; contextual links retained,"PASS — DOM, assets, idempotence, links retained; visual device review pending"
quartier-serrurerie-tanger-beni-makada.html,fxf-mount,Canonical public gf5a; contextual links retained,"PASS — DOM, assets, idempotence, links retained; visual device review pending"
quartier-serrurerie-tanger-iberia.html,fxf-mount,Canonical public gf5a; contextual links retained,"PASS — DOM, assets, idempotence, links retained; visual device review pending"
quartier-serrurerie-tanger-malabata.html,fxf-mount,Canonical public gf5a; contextual links retained,"PASS — DOM, assets, idempotence, links retained; visual device review pending"
quartier-serrurerie-tanger-merkala.html,fxf-mount,Canonical public gf5a; contextual links retained,"PASS — DOM, assets, idempotence, links retained; visual device review pending"
quartier-serrurerie-tanger-val-fleuri.html,fxf-mount,Canonical public gf5a; contextual links retained,"PASS — DOM, assets, idempotence, links retained; visual device review pending"
rejoindre-fixeo.html,Global JS injected footer,Canonical public gf5a; contextual links retained,"PASS — DOM, assets, idempotence, links retained; visual device review pending"
results.html,Global JS injected footer,Canonical public gf5a; contextual links retained,"PASS — DOM, assets, idempotence, links retained; visual device review pending"
serrurier-agadir.html,fxf-mount,Canonical public gf5a; contextual links retained,"PASS — DOM, assets, idempotence, links retained; visual device review pending"
serrurier-beni-mellal.html,fxf-mount,Canonical public gf5a; contextual links retained,"PASS — DOM, assets, idempotence, links retained; visual device review pending"
serrurier-casablanca.html,fixeo-footer,Canonical public gf5a; contextual links retained,"PASS — DOM, assets, idempotence, links retained; visual device review pending"
serrurier-el-jadida.html,fxf-mount,Canonical public gf5a; contextual links retained,"PASS — DOM, assets, idempotence, links retained; visual device review pending"
serrurier-fes.html,fxf-mount,Canonical public gf5a; contextual links retained,"PASS — DOM, assets, idempotence, links retained; visual device review pending"
serrurier-kenitra.html,fxf-mount,Canonical public gf5a; contextual links retained,"PASS — DOM, assets, idempotence, links retained; visual device review pending"
serrurier-khouribga.html,fxf-mount,Canonical public gf5a; contextual links retained,"PASS — DOM, assets, idempotence, links retained; visual device review pending"
serrurier-marrakech.html,fixeo-footer,Canonical public gf5a; contextual links retained,"PASS — DOM, assets, idempotence, links retained; visual device review pending"
serrurier-meknes.html,fixeo-footer,Canonical public gf5a; contextual links retained,"PASS — DOM, assets, idempotence, links retained; visual device review pending"
serrurier-mohammedia.html,fxf-mount,Canonical public gf5a; contextual links retained,"PASS — DOM, assets, idempotence, links retained; visual device review pending"
serrurier-nador.html,fxf-mount,Canonical public gf5a; contextual links retained,"PASS — DOM, assets, idempotence, links retained; visual device review pending"
serrurier-ouarzazate.html,fxf-mount,Canonical public gf5a; contextual links retained,"PASS — DOM, assets, idempotence, links retained; visual device review pending"
serrurier-oujda.html,fxf-mount,Canonical public gf5a; contextual links retained,"PASS — DOM, assets, idempotence, links retained; visual device review pending"
serrurier-rabat.html,fixeo-footer,Canonical public gf5a; contextual links retained,"PASS — DOM, assets, idempotence, links retained; visual device review pending"
serrurier-safi.html,fxf-mount,Canonical public gf5a; contextual links retained,"PASS — DOM, assets, idempotence, links retained; visual device review pending"
serrurier-sale.html,fxf-mount,Canonical public gf5a; contextual links retained,"PASS — DOM, assets, idempotence, links retained; visual device review pending"
serrurier-tanger.html,fixeo-footer,Canonical public gf5a; contextual links retained,"PASS — DOM, assets, idempotence, links retained; visual device review pending"
serrurier-taza.html,fxf-mount,Canonical public gf5a; contextual links retained,"PASS — DOM, assets, idempotence, links retained; visual device review pending"
serrurier-temara.html,fxf-mount,Canonical public gf5a; contextual links retained,"PASS — DOM, assets, idempotence, links retained; visual device review pending"
serrurier-tetouan.html,fixeo-footer,Canonical public gf5a; contextual links retained,"PASS — DOM, assets, idempotence, links retained; visual device review pending"
serrurier.html,fixeo-footer,Canonical public gf5a; contextual links retained,"PASS — DOM, assets, idempotence, links retained; visual device review pending"
service-seo.html,Global JS injected footer,Canonical public gf5a; contextual links retained,"PASS — DOM, assets, idempotence, links retained; visual device review pending"
services.html,Global JS injected footer,Canonical public gf5a; contextual links retained,"PASS — DOM, assets, idempotence, links retained; visual device review pending"
verification-artisans.html,Global JS injected footer,Canonical public gf5a; contextual links retained,"PASS — DOM, assets, idempotence, links retained; visual device review pending"
whatsapp.html,Global JS injected footer,Canonical public gf5a; contextual links retained,"PASS — DOM, assets, idempotence, links retained; visual device review pending"
/artisan/{slug} (shared SSR template),ssp-footer inside narrow profile main,Canonical public gf5a outside main; profile content unchanged,PASS — template and DOM; live sample pending
